{"__type__":"dragonBones.DragonBonesAtlasAsset","_name":"yx_icon_shou_tex","_atlasJson":"{\r\n  \"width\": 256,\r\n  \"SubTexture\": [\r\n    {\r\n      \"width\": 56,\r\n      \"y\": 120,\r\n      \"height\": 56,\r\n      \"name\": \"shou/gq\",\r\n      \"x\": 1\r\n    },\r\n    {\r\n      \"width\": 118,\r\n      \"y\": 1,\r\n      \"height\": 117,\r\n      \"name\": \"shou/s1\",\r\n      \"x\": 1\r\n    },\r\n    {\r\n      \"width\": 109,\r\n      \"y\": 1,\r\n      \"height\": 126,\r\n      \"name\": \"shou/s\",\r\n      \"x\": 121\r\n    }\r\n  ],\r\n  \"height\": 256,\r\n  \"name\": \"yx_icon_shou\",\r\n  \"imagePath\": \"yx_icon_shou_tex.png\"\r\n}","_texture":{"__uuid__":"0fw68zARhP75rC8PBtD9RQ"},"texture":{"__uuid__":"0fw68zARhP75rC8PBtD9RQ"}}