[{"__type__":"cc.SpriteFrame","content":{"name":"chengdeng","texture":"7d5M+qvxBOuY+sbBpi0Iva","rect":[0,0,61,89],"offset":[0,0],"originalSize":[61,89],"capInsets":[0,0,0,0]}},{"__type__":"cc.SpriteFrame","content":{"name":"car-1-1","texture":"3ccfW4rDpPophlvQKC06g1","rect":[0,1,110,218],"offset":[0,0],"originalSize":[110,220],"capInsets":[0,0,0,0]}},[{"__type__":"cc.Prefab","_name":"car","data":{"__id__":1}},{"__type__":"cc.Node","_name":"car","_children":[{"__id__":2}],"_components":[{"__type__":"cc.Sprite","node":{"__id__":1},"_materials":[{"__uuid__":"ecpdLyjvZBwrvm+cedCcQy"}],"_spriteFrame":{"__uuid__":"770qF09/pBMbmU4C4aVWlH"},"_sizeMode":2,"_isTrimmedMode":false},{"__type__":"30b55EuJYRBdqdSiQ2f9XaK","node":{"__id__":1}}],"_prefab":{"__type__":"cc.PrefabInfo","root":{"__id__":1},"asset":{"__uuid__":"8a7kYCjIZNd5erDR9a+87U"},"fileId":"51mHr7uI9F6InOeGigYzEG"},"_contentSize":{"__type__":"cc.Size","width":110,"height":220},"_trs":{"__type__":"TypedArray","ctor":"Float64Array","array":[0,0,0,0,0,0,1,1,1,1]}},{"__type__":"cc.Node","_name":"chengdeng","_parent":{"__id__":1},"_components":[{"__type__":"cc.Sprite","node":{"__id__":2},"_materials":[{"__uuid__":"ecpdLyjvZBwrvm+cedCcQy"}],"_spriteFrame":{"__uuid__":"34nilVtqJC8qIxIEzv2qmG"}}],"_prefab":{"__type__":"cc.PrefabInfo","root":{"__id__":1},"asset":{"__uuid__":"8a7kYCjIZNd5erDR9a+87U"},"fileId":"21ZpDR6+1HnZryhYwXY2l3"},"_contentSize":{"__type__":"cc.Size","width":61,"height":89},"_trs":{"__type__":"TypedArray","ctor":"Float64Array","array":[0.4849999999999999,113.121,0,0,0,0.7071067811865475,0.7071067811865476,1,1,1]},"_eulerAngles":{"__type__":"cc.Vec3","z":90}}]]