[{"__type__":"cc.SpriteFrame","content":{"name":"guanbi","texture":"efQnzY2WtDtbLwy6yyzq9p","rect":[0,0,35,38],"offset":[0,0],"originalSize":[35,38],"capInsets":[0,0,0,0]}},{"__type__":"cc.SpriteFrame","content":{"name":"lingqu","texture":"6f+4yGrK5KJKTswYDM7on6","rect":[0,0,221,102],"offset":[0,0],"originalSize":[221,102],"capInsets":[0,0,0,0]}},{"__type__":"cc.SpriteFrame","content":{"name":"dikuang","texture":"92sd7lHxlLwJyvCKq71feB","rect":[0,0,676,536],"offset":[0,0],"originalSize":[676,536],"capInsets":[0,0,0,0]}},{"__type__":"cc.SpriteFrame","content":{"name":"shuangbeilingqu","texture":"19/ikb5NNBbLketkoNL0Er","rect":[0,0,221,102],"offset":[0,0],"originalSize":[221,102],"capInsets":[0,0,0,0]}},{"__type__":"cc.SpriteFrame","content":{"name":"default_sprite_splash","texture":"02delMVqdBD70a/HSD99FK","rect":[0,0,2,2],"offset":[0,0],"originalSize":[2,2],"capInsets":[0,0,0,0]}},{"__type__":"cc.SpriteFrame","content":{"name":"biaoti","texture":"a7qNi3IrZKM5uJMIWUKsDD","rect":[0,0,506,163],"offset":[0,0],"originalSize":[506,163],"capInsets":[0,0,0,0]}},[{"__type__":"cc.Prefab","_name":"QianDao","data":{"__id__":1}},{"__type__":"cc.Node","_name":"QianDao","_children":[{"__id__":2},{"__id__":3}],"_components":[{"__type__":"cc.Widget","node":{"__id__":1},"_alignFlags":45},{"__type__":"b58342adyhIJrI/ip2D0qGW","node":{"__id__":1},"center":{"__id__":7},"buttons":{"__id__":8},"main":{"__id__":3}}],"_prefab":{"__type__":"cc.PrefabInfo","root":{"__id__":1},"asset":{"__uuid__":"dfZ3bM3nBJFaB45QlYoNCC"},"fileId":"fbmGc44bFPAqMpNJaURd7U"},"_contentSize":{"__type__":"cc.Size","width":720,"height":1280},"_trs":{"__type__":"TypedArray","ctor":"Float64Array","array":[360,640,0,0,0,0,1,1,1,1]}},{"__type__":"cc.Node","_name":"New Sprite(Splash)","_parent":{"__id__":1},"_components":[{"__type__":"cc.Sprite","node":{"__id__":2},"_materials":[{"__uuid__":"ecpdLyjvZBwrvm+cedCcQy"}],"_spriteFrame":{"__uuid__":"a2MjXRFdtLlYQ5ouAFv/+R"},"_sizeMode":0},{"__type__":"cc.BlockInputEvents","node":{"__id__":2}}],"_prefab":{"__type__":"cc.PrefabInfo","root":{"__id__":1},"asset":{"__uuid__":"dfZ3bM3nBJFaB45QlYoNCC"},"fileId":"8eMHnxRrZHRbNLVVJv5evM"},"_opacity":155,"_color":{"__type__":"cc.Color"},"_contentSize":{"__type__":"cc.Size","width":720,"height":1680},"_trs":{"__type__":"TypedArray","ctor":"Float64Array","array":[0,0,0,0,0,0,1,1,1,1]}},{"__type__":"cc.Node","_name":"mian","_parent":{"__id__":1},"_children":[{"__id__":4}],"_components":[{"__type__":"cc.Widget","node":{"__id__":3},"_alignFlags":18}],"_prefab":{"__type__":"cc.PrefabInfo","root":{"__id__":1},"asset":{"__uuid__":"dfZ3bM3nBJFaB45QlYoNCC"},"fileId":"71xnXgjAtEeoTP43CDAbzM"},"_contentSize":{"__type__":"cc.Size","width":676,"height":698.98},"_anchorPoint":{"__type__":"cc.Vec2","x":0.5,"y":0.54},"_trs":{"__type__":"TypedArray","ctor":"Float64Array","array":[0,27.959200000000024,0,0,0,0,1,1,1,1]}},{"__type__":"cc.Node","_name":"kuang","_parent":{"__id__":3},"_children":[{"__id__":5},{"__id__":6},{"__id__":7},{"__id__":8}],"_components":[{"__type__":"cc.Sprite","node":{"__id__":4},"_materials":[{"__uuid__":"ecpdLyjvZBwrvm+cedCcQy"}],"_spriteFrame":{"__uuid__":"69PhLOUZFPu5/nJ7U+70TE"}}],"_prefab":{"__type__":"cc.PrefabInfo","root":{"__id__":1},"asset":{"__uuid__":"dfZ3bM3nBJFaB45QlYoNCC"},"fileId":"c4svBRfsBI4KhuNEYc3XcI"},"_contentSize":{"__type__":"cc.Size","width":676,"height":536},"_trs":{"__type__":"TypedArray","ctor":"Float64Array","array":[0,0,0,0,0,0,1,1,1,1]}},{"__type__":"cc.Node","_name":"biaoti","_parent":{"__id__":4},"_components":[{"__type__":"cc.Sprite","node":{"__id__":5},"_materials":[{"__uuid__":"ecpdLyjvZBwrvm+cedCcQy"}],"_spriteFrame":{"__uuid__":"c53Aj6CrxEAJ3sLcN+HjkW"}}],"_prefab":{"__type__":"cc.PrefabInfo","root":{"__id__":1},"asset":{"__uuid__":"dfZ3bM3nBJFaB45QlYoNCC"},"fileId":"e6yZaY59hE7p6Skb1u+Fcd"},"_contentSize":{"__type__":"cc.Size","width":506,"height":163},"_trs":{"__type__":"TypedArray","ctor":"Float64Array","array":[0,257.549,0,0,0,0,1,1,1,1]}},{"__type__":"cc.Node","_name":"guanbi","_parent":{"__id__":4},"_components":[{"__type__":"cc.Sprite","node":{"__id__":6},"_materials":[{"__uuid__":"ecpdLyjvZBwrvm+cedCcQy"}],"_spriteFrame":{"__uuid__":"5cbIUg7TxN1blywwTqCwPB"}},{"__type__":"cc.Button","node":{"__id__":6},"_normalMaterial":{"__uuid__":"ecpdLyjvZBwrvm+cedCcQy"},"clickEvents":[{"__type__":"cc.ClickEvent","target":{"__id__":1},"_componentId":"b58342adyhIJrI/ip2D0qGW","handler":"btn_Click"}],"_N$transition":3,"transition":3}],"_prefab":{"__type__":"cc.PrefabInfo","root":{"__id__":1},"asset":{"__uuid__":"dfZ3bM3nBJFaB45QlYoNCC"},"fileId":"58wqiFsf1O/4M/3K6PqtQh"},"_contentSize":{"__type__":"cc.Size","width":35,"height":38},"_trs":{"__type__":"TypedArray","ctor":"Float64Array","array":[320.105,243.948,0,0,0,0,1,1,1,1]}},{"__type__":"cc.Node","_name":"center","_parent":{"__id__":4},"_components":[{"__type__":"cc.Layout","node":{"__id__":7},"_N$layoutType":3,"_N$spacingX":10,"_N$spacingY":20}],"_prefab":{"__type__":"cc.PrefabInfo","root":{"__id__":1},"asset":{"__uuid__":"dfZ3bM3nBJFaB45QlYoNCC"},"fileId":"8bgCjdYf1FV50v8K2CrGry"},"_contentSize":{"__type__":"cc.Size","width":586,"height":374},"_trs":{"__type__":"TypedArray","ctor":"Float64Array","array":[0,0,0,0,0,0,1,1,1,1]}},{"__type__":"cc.Node","_name":"button","_parent":{"__id__":4},"_children":[{"__id__":9},{"__id__":10}],"_prefab":{"__type__":"cc.PrefabInfo","root":{"__id__":1},"asset":{"__uuid__":"dfZ3bM3nBJFaB45QlYoNCC"},"fileId":"b7K3scdrJE9pX3spWKhnhI"},"_contentSize":{"__type__":"cc.Size","width":563.28,"height":151.25},"_trs":{"__type__":"TypedArray","ctor":"Float64Array","array":[0,-300,0,0,0,0,1,1,1,1]}},{"__type__":"cc.Node","_name":"qiandao","_parent":{"__id__":8},"_components":[{"__type__":"cc.Sprite","node":{"__id__":9},"_materials":[{"__uuid__":"ecpdLyjvZBwrvm+cedCcQy"}],"_spriteFrame":{"__uuid__":"62KCTyqMBGeIrNk2tV2HRF"}},{"__type__":"cc.Button","node":{"__id__":9},"_normalMaterial":{"__uuid__":"ecpdLyjvZBwrvm+cedCcQy"},"clickEvents":[{"__type__":"cc.ClickEvent","target":{"__id__":1},"_componentId":"b58342adyhIJrI/ip2D0qGW","handler":"btn_Click"}],"_N$transition":3,"transition":3}],"_prefab":{"__type__":"cc.PrefabInfo","root":{"__id__":1},"asset":{"__uuid__":"dfZ3bM3nBJFaB45QlYoNCC"},"fileId":"b9zURU1v5CxLpFRUDEf9xP"},"_contentSize":{"__type__":"cc.Size","width":221,"height":102},"_trs":{"__type__":"TypedArray","ctor":"Float64Array","array":[-150.5,0,0,0,0,0,1,1,1,1]}},{"__type__":"cc.Node","_name":"shuangbeiqiandao","_parent":{"__id__":8},"_children":[{"__id__":11}],"_components":[{"__type__":"cc.Sprite","node":{"__id__":10},"_materials":[{"__uuid__":"ecpdLyjvZBwrvm+cedCcQy"}],"_spriteFrame":{"__uuid__":"9dQOQSqshJwq0jZg18TsLW"}},{"__type__":"cc.Button","node":{"__id__":10},"_normalMaterial":{"__uuid__":"ecpdLyjvZBwrvm+cedCcQy"},"clickEvents":[{"__type__":"cc.ClickEvent","target":{"__id__":1},"_componentId":"b58342adyhIJrI/ip2D0qGW","handler":"btn_Click"}],"_N$transition":3,"transition":3}],"_prefab":{"__type__":"cc.PrefabInfo","root":{"__id__":1},"asset":{"__uuid__":"dfZ3bM3nBJFaB45QlYoNCC"},"fileId":"64uK1oyENJa4PscQ5cZcof"},"_contentSize":{"__type__":"cc.Size","width":221,"height":102},"_trs":{"__type__":"TypedArray","ctor":"Float64Array","array":[150.5,0,0,0,0,0,1,1,1,1]}},{"__type__":"cc.Node","_name":"Hand_Prefab","_parent":{"__id__":10},"_children":[{"__id__":12}],"_components":[{"__type__":"1f43e46ApxBAKtElJE4dMxF","node":{"__id__":11}}],"_prefab":{"__type__":"cc.PrefabInfo","root":{"__id__":1},"asset":{"__uuid__":"dfZ3bM3nBJFaB45QlYoNCC"},"fileId":"99LSFlSv5IdLfbLT+raTgE"},"_trs":{"__type__":"TypedArray","ctor":"Float64Array","array":[99.746,-8.128,0,0,0,0,1,1,1,1]}},{"__type__":"cc.Node","_name":"yx_icon_shou_ske","_parent":{"__id__":11},"_components":[{"__type__":"dragonBones.ArmatureDisplay","node":{"__id__":12},"_materials":[{"__uuid__":"ecpdLyjvZBwrvm+cedCcQy"}],"_armatureName":"Armature","_animationName":"shou","_preCacheMode":0,"_armatureKey":"02450d63-c0bf-4700-9054-16b9cf34a014#fceaf37b-1561-4367-840a-554c132ea0f7","_N$dragonAsset":{"__uuid__":"02RQ1jwL9HAJBUFrnPNKAU"},"_N$dragonAtlasAsset":{"__uuid__":"fc6vN7FWFDZ4QKVUwTLqD3"}}],"_prefab":{"__type__":"cc.PrefabInfo","root":{"__id__":1},"asset":{"__uuid__":"dfZ3bM3nBJFaB45QlYoNCC"},"fileId":"d2j/NdQc1Ka51E6JC95+UT"},"_contentSize":{"__type__":"cc.Size","width":134,"height":138},"_trs":{"__type__":"TypedArray","ctor":"Float64Array","array":[0,0,0,0,0,0,1,1,1,1]}}]]