[{"__type__":"cc.SpriteFrame","content":{"name":"jinbishuzi","texture":"b6JUIkFsZJf7Sf7uL/S2XD","rect":[0,0,242,30],"offset":[0,0],"originalSize":[242,30],"capInsets":[0,0,0,0]}},{"__type__":"cc.LabelAtlas","_name":"jl","spriteFrame":{"__uuid__":"5chKm2NSVJO7c71vO7lfsS"},"fontSize":26.4,"_fntConfig":{"commonHeight":30,"fontSize":26,"atlasName":"jinbishuzi","fontDefDictionary":{"47":{"rect":{"x":0,"y":0,"width":22,"height":30},"xOffset":0,"yOffset":0,"xAdvance":22},"48":{"rect":{"x":22,"y":0,"width":22,"height":30},"xOffset":0,"yOffset":0,"xAdvance":22},"49":{"rect":{"x":44,"y":0,"width":22,"height":30},"xOffset":0,"yOffset":0,"xAdvance":22},"50":{"rect":{"x":66,"y":0,"width":22,"height":30},"xOffset":0,"yOffset":0,"xAdvance":22},"51":{"rect":{"x":88,"y":0,"width":22,"height":30},"xOffset":0,"yOffset":0,"xAdvance":22},"52":{"rect":{"x":110,"y":0,"width":22,"height":30},"xOffset":0,"yOffset":0,"xAdvance":22},"53":{"rect":{"x":132,"y":0,"width":22,"height":30},"xOffset":0,"yOffset":0,"xAdvance":22},"54":{"rect":{"x":154,"y":0,"width":22,"height":30},"xOffset":0,"yOffset":0,"xAdvance":22},"55":{"rect":{"x":176,"y":0,"width":22,"height":30},"xOffset":0,"yOffset":0,"xAdvance":22},"56":{"rect":{"x":198,"y":0,"width":22,"height":30},"xOffset":0,"yOffset":0,"xAdvance":22},"57":{"rect":{"x":220,"y":0,"width":22,"height":30},"xOffset":0,"yOffset":0,"xAdvance":22}},"kerningDict":{}}}]