[{"__type__":"cc.LabelAtlas","_name":"xuanguan","spriteFrame":{"__uuid__":"bb+IO55cJJrYRiwEw5JoIl"},"fontSize":43.12,"_fntConfig":{"commonHeight":49,"fontSize":43,"atlasName":"shuzi","fontDefDictionary":{"48":{"rect":{"x":0,"y":0,"width":33,"height":49},"xOffset":0,"yOffset":0,"xAdvance":33},"49":{"rect":{"x":33,"y":0,"width":33,"height":49},"xOffset":0,"yOffset":0,"xAdvance":33},"50":{"rect":{"x":66,"y":0,"width":33,"height":49},"xOffset":0,"yOffset":0,"xAdvance":33},"51":{"rect":{"x":99,"y":0,"width":33,"height":49},"xOffset":0,"yOffset":0,"xAdvance":33},"52":{"rect":{"x":132,"y":0,"width":33,"height":49},"xOffset":0,"yOffset":0,"xAdvance":33},"53":{"rect":{"x":165,"y":0,"width":33,"height":49},"xOffset":0,"yOffset":0,"xAdvance":33},"54":{"rect":{"x":198,"y":0,"width":33,"height":49},"xOffset":0,"yOffset":0,"xAdvance":33},"55":{"rect":{"x":231,"y":0,"width":33,"height":49},"xOffset":0,"yOffset":0,"xAdvance":33},"56":{"rect":{"x":264,"y":0,"width":33,"height":49},"xOffset":0,"yOffset":0,"xAdvance":33},"57":{"rect":{"x":297,"y":0,"width":33,"height":49},"xOffset":0,"yOffset":0,"xAdvance":33}},"kerningDict":{}}},{"__type__":"cc.SpriteFrame","content":{"name":"shuzi","texture":"6eYXRmGOlCU7awAqOfubF6","rect":[0,0,330,47],"offset":[0,1],"originalSize":[330,49],"capInsets":[0,0,0,0]}}]