[{"__type__":"cc.SpriteFrame","content":{"name":"shuzilanse","texture":"18yA0ivl1PDJFsL2DrqFOR","rect":[0,0,186,20],"offset":[-0.5,0],"originalSize":[187,20],"capInsets":[0,0,0,0]}},{"__type__":"cc.LabelAtlas","_name":"lan","spriteFrame":{"__uuid__":"69OYfvyatER6cOR0w38ctJ"},"fontSize":17.6,"_fntConfig":{"commonHeight":20,"fontSize":17,"atlasName":"shuzilanse","fontDefDictionary":{"47":{"rect":{"x":0,"y":0,"width":17,"height":20},"xOffset":0,"yOffset":0,"xAdvance":17},"48":{"rect":{"x":17,"y":0,"width":17,"height":20},"xOffset":0,"yOffset":0,"xAdvance":17},"49":{"rect":{"x":34,"y":0,"width":17,"height":20},"xOffset":0,"yOffset":0,"xAdvance":17},"50":{"rect":{"x":51,"y":0,"width":17,"height":20},"xOffset":0,"yOffset":0,"xAdvance":17},"51":{"rect":{"x":68,"y":0,"width":17,"height":20},"xOffset":0,"yOffset":0,"xAdvance":17},"52":{"rect":{"x":85,"y":0,"width":17,"height":20},"xOffset":0,"yOffset":0,"xAdvance":17},"53":{"rect":{"x":102,"y":0,"width":17,"height":20},"xOffset":0,"yOffset":0,"xAdvance":17},"54":{"rect":{"x":119,"y":0,"width":17,"height":20},"xOffset":0,"yOffset":0,"xAdvance":17},"55":{"rect":{"x":136,"y":0,"width":17,"height":20},"xOffset":0,"yOffset":0,"xAdvance":17},"56":{"rect":{"x":153,"y":0,"width":17,"height":20},"xOffset":0,"yOffset":0,"xAdvance":17},"57":{"rect":{"x":170,"y":0,"width":17,"height":20},"xOffset":0,"yOffset":0,"xAdvance":17}},"kerningDict":{}}}]