[{"__type__":"cc.SpriteFrame","content":{"name":"dikuang","texture":"c5vIeoAStAFbTJUbhIB9VO","rect":[0,0,676,357],"offset":[0,0],"originalSize":[676,357],"capInsets":[0,0,0,0]}},{"__type__":"cc.SpriteFrame","content":{"name":"nandu-1","texture":"cdY/eKjSdCZosSRPVi3W5o","rect":[0,0,76,118],"offset":[0,0],"originalSize":[76,118],"capInsets":[0,0,0,0]}},{"__type__":"cc.SpriteFrame","content":{"name":"model-1","texture":"efECqArXZIKLKDZn/FjhZ3","rect":[0,0,606,274],"offset":[0,0],"originalSize":[606,274],"capInsets":[0,0,0,0]}},{"__type__":"cc.SpriteFrame","content":{"name":"guanqiashu","texture":"48DteG6jxJr62Z20dcc/Mi","rect":[0,0,122,49],"offset":[0,0],"originalSize":[122,49],"capInsets":[0,0,0,0]}},{"__type__":"cc.SpriteFrame","content":{"name":"suo","texture":"aeYqGQVfhIMZSeH41HeD2N","rect":[0,0,606,274],"offset":[0,0],"originalSize":[606,274],"capInsets":[0,0,0,0]}},[{"__type__":"cc.Prefab","_name":"model","data":{"__id__":1}},{"__type__":"cc.Node","_name":"model","_children":[{"__id__":2},{"__id__":6},{"__id__":7}],"_components":[{"__type__":"cc.Sprite","node":{"__id__":1},"_materials":[{"__uuid__":"ecpdLyjvZBwrvm+cedCcQy"}],"_spriteFrame":{"__uuid__":"1bKF5TTWRHYblAAp2nBDX7"}},{"__type__":"8f23cBOdGdPtKXHkS/VsDDb","node":{"__id__":1},"guanShu":{"__id__":3},"suo":{"__id__":6},"model_img":{"__id__":2},"nanDu":{"__id__":8}},{"__type__":"cc.Button","node":{"__id__":1},"_normalMaterial":{"__uuid__":"ecpdLyjvZBwrvm+cedCcQy"},"clickEvents":[{"__type__":"cc.ClickEvent","target":{"__id__":1},"_componentId":"8f23cBOdGdPtKXHkS/VsDDb","handler":"click_Model"}],"_N$transition":1,"transition":1}],"_prefab":{"__type__":"cc.PrefabInfo","root":{"__id__":1},"asset":{"__uuid__":"c5uVQjJaZM4rBQ7NHVay49"},"fileId":"91cSZeLKlALqg8XNQWaZet"},"_contentSize":{"__type__":"cc.Size","width":676,"height":357},"_trs":{"__type__":"TypedArray","ctor":"Float64Array","array":[0,-198.5,0,0,0,0,1,1,1,1]}},{"__type__":"cc.Node","_name":"model_Img","_parent":{"__id__":1},"_children":[{"__id__":3}],"_components":[{"__type__":"cc.Sprite","node":{"__id__":2},"_materials":[{"__uuid__":"ecpdLyjvZBwrvm+cedCcQy"}],"_spriteFrame":{"__uuid__":"a6EqanhsRN85RiVaJQ/Dvb"}}],"_prefab":{"__type__":"cc.PrefabInfo","root":{"__id__":1},"asset":{"__uuid__":"c5uVQjJaZM4rBQ7NHVay49"},"fileId":"1d37EVfuxINbbB5M7pfM9U"},"_contentSize":{"__type__":"cc.Size","width":606,"height":274},"_trs":{"__type__":"TypedArray","ctor":"Float64Array","array":[0,25,0,0,0,0,1,1,1,1]}},{"__type__":"cc.Node","_name":"guanqiashu","_parent":{"__id__":2},"_children":[{"__id__":4},{"__id__":5}],"_components":[{"__type__":"cc.Sprite","node":{"__id__":3},"_materials":[{"__uuid__":"ecpdLyjvZBwrvm+cedCcQy"}],"_spriteFrame":{"__uuid__":"abA69Fox5JwbI5iIc87TXI"}},{"__type__":"cc.Widget","node":{"__id__":3},"_alignFlags":36,"_right":5,"_bottom":5}],"_prefab":{"__type__":"cc.PrefabInfo","root":{"__id__":1},"asset":{"__uuid__":"c5uVQjJaZM4rBQ7NHVay49"},"fileId":"c6w5/evdtJ1rLfXlndgoTv"},"_contentSize":{"__type__":"cc.Size","width":122,"height":49},"_trs":{"__type__":"TypedArray","ctor":"Float64Array","array":[237,-107.5,0,0,0,0,1,1,1,1]}},{"__type__":"cc.Node","_name":"now","_parent":{"__id__":3},"_components":[{"__type__":"cc.Label","node":{"__id__":4},"_materials":[{"__uuid__":"ecpdLyjvZBwrvm+cedCcQy"}],"_useOriginalSize":false,"_string":"2","_N$string":"2","_fontSize":30,"_N$file":{"__uuid__":"65uxtgjH1ML4zpae+v8S/O"},"_isSystemFontUsed":false,"_N$horizontalAlign":1,"_N$verticalAlign":1}],"_prefab":{"__type__":"cc.PrefabInfo","root":{"__id__":1},"asset":{"__uuid__":"c5uVQjJaZM4rBQ7NHVay49"},"fileId":"d2tJTab4JPkZpTn1oZtooH"},"_contentSize":{"__type__":"cc.Size","width":24,"height":40},"_trs":{"__type__":"TypedArray","ctor":"Float64Array","array":[-30,0,0,0,0,0,1,1,1,1]}},{"__type__":"cc.Node","_name":"sum","_parent":{"__id__":3},"_components":[{"__type__":"cc.Label","node":{"__id__":5},"_materials":[{"__uuid__":"ecpdLyjvZBwrvm+cedCcQy"}],"_useOriginalSize":false,"_string":"30","_N$string":"30","_fontSize":30,"_N$file":{"__uuid__":"65uxtgjH1ML4zpae+v8S/O"},"_isSystemFontUsed":false,"_N$horizontalAlign":1,"_N$verticalAlign":1}],"_prefab":{"__type__":"cc.PrefabInfo","root":{"__id__":1},"asset":{"__uuid__":"c5uVQjJaZM4rBQ7NHVay49"},"fileId":"bdFexVvE9N37KcT4T9GCEP"},"_contentSize":{"__type__":"cc.Size","width":48,"height":40},"_trs":{"__type__":"TypedArray","ctor":"Float64Array","array":[30,0,0,0,0,0,1,1,1,1]}},{"__type__":"cc.Node","_name":"suo","_parent":{"__id__":1},"_components":[{"__type__":"cc.Sprite","node":{"__id__":6},"_materials":[{"__uuid__":"ecpdLyjvZBwrvm+cedCcQy"}],"_spriteFrame":{"__uuid__":"c0FeAYqUxPJY2Z/JDbAZPX"}}],"_prefab":{"__type__":"cc.PrefabInfo","root":{"__id__":1},"asset":{"__uuid__":"c5uVQjJaZM4rBQ7NHVay49"},"fileId":"2axuL+oTlOp6QeeeCQVtA0"},"_contentSize":{"__type__":"cc.Size","width":606,"height":274},"_trs":{"__type__":"TypedArray","ctor":"Float64Array","array":[0,25,0,0,0,0,1,1,1,1]}},{"__type__":"cc.Node","_name":"nandu-1","_parent":{"__id__":1},"_components":[{"__id__":8}],"_prefab":{"__type__":"cc.PrefabInfo","root":{"__id__":1},"asset":{"__uuid__":"c5uVQjJaZM4rBQ7NHVay49"},"fileId":"60FW5zYl1LO5WYqy6NK1p0"},"_contentSize":{"__type__":"cc.Size","width":76,"height":118},"_trs":{"__type__":"TypedArray","ctor":"Float64Array","array":[-280,118.5,0,0,0,0,1,1,1,1]}},{"__type__":"cc.Sprite","node":{"__id__":7},"_materials":[{"__uuid__":"ecpdLyjvZBwrvm+cedCcQy"}],"_spriteFrame":{"__uuid__":"6cnwAFcg5AzKmXK+XXXzWl"}}]]