{"__type__":"dragonBones.DragonBonesAsset","_name":"yx_icon_shou_ske","_dragonBonesJson":"{\r\n  \"frameRate\": 24,\r\n  \"armature\": [\r\n    {\r\n      \"type\": \"Armature\",\r\n      \"name\": \"Armature\",\r\n      \"defaultActions\": [\r\n        {\r\n          \"gotoAndPlay\": \"shou\"\r\n        }\r\n      ],\r\n      \"ik\": [],\r\n      \"bone\": [\r\n        {\r\n          \"name\": \"root\",\r\n          \"transform\": {}\r\n        },\r\n        {\r\n          \"transform\": {\r\n            \"y\": -13.15,\r\n            \"x\": -0.9\r\n          },\r\n          \"name\": \"gq\",\r\n          \"parent\": \"root\"\r\n        },\r\n        {\r\n          \"transform\": {\r\n            \"y\": 39.65,\r\n            \"x\": 58.05\r\n          },\r\n          \"name\": \"s\",\r\n          \"parent\": \"root\"\r\n        }\r\n      ],\r\n      \"aabb\": {\r\n        \"width\": 134,\r\n        \"y\": -40,\r\n        \"height\": 138,\r\n        \"x\": -29.5\r\n      },\r\n      \"slot\": [\r\n        {\r\n          \"name\": \"gq\",\r\n          \"parent\": \"gq\",\r\n          \"color\": {}\r\n        },\r\n        {\r\n          \"z\": 1,\r\n          \"displayIndex\": 1,\r\n          \"name\": \"s\",\r\n          \"parent\": \"s\",\r\n          \"color\": {}\r\n        }\r\n      ],\r\n      \"frameRate\": 24,\r\n      \"animation\": [\r\n        {\r\n          \"ffd\": [],\r\n          \"playTimes\": 0,\r\n          \"duration\": 12,\r\n          \"ik\": [],\r\n          \"frame\": [],\r\n          \"bone\": [\r\n            {\r\n              \"frame\": [\r\n                {\r\n                  \"transform\": {},\r\n                  \"duration\": 12\r\n                }\r\n              ],\r\n              \"name\": \"root\"\r\n            },\r\n            {\r\n              \"frame\": [\r\n                {\r\n                  \"tweenEasing\": 0,\r\n                  \"transform\": {},\r\n                  \"duration\": 12\r\n                },\r\n                {\r\n                  \"transform\": {\r\n                    \"scX\": 2.836,\r\n                    \"scY\": 2.836\r\n                  },\r\n                  \"duration\": 0\r\n                }\r\n              ],\r\n              \"name\": \"gq\"\r\n            },\r\n            {\r\n              \"frame\": [\r\n                {\r\n                  \"transform\": {},\r\n                  \"duration\": 12\r\n                }\r\n              ],\r\n              \"name\": \"s\"\r\n            }\r\n          ],\r\n          \"slot\": [\r\n            {\r\n              \"frame\": [\r\n                {\r\n                  \"displayIndex\": -1,\r\n                  \"tweenEasing\": 0,\r\n                  \"duration\": 4\r\n                },\r\n                {\r\n                  \"tweenEasing\": 0,\r\n                  \"duration\": 8\r\n                },\r\n                {\r\n                  \"tweenEasing\": null,\r\n                  \"color\": {\r\n                    \"aM\": 0\r\n                  },\r\n                  \"duration\": 0\r\n                }\r\n              ],\r\n              \"name\": \"gq\"\r\n            },\r\n            {\r\n              \"frame\": [\r\n                {\r\n                  \"tweenEasing\": null,\r\n                  \"duration\": 4\r\n                },\r\n                {\r\n                  \"displayIndex\": 1,\r\n                  \"tweenEasing\": 0,\r\n                  \"duration\": 8\r\n                }\r\n              ],\r\n              \"name\": \"s\"\r\n            }\r\n          ],\r\n          \"name\": \"shou\"\r\n        },\r\n        {\r\n          \"ffd\": [],\r\n          \"playTimes\": 0,\r\n          \"duration\": 0,\r\n          \"ik\": [],\r\n          \"frame\": [],\r\n          \"bone\": [\r\n            {\r\n              \"frame\": [\r\n                {\r\n                  \"transform\": {},\r\n                  \"duration\": 0\r\n                }\r\n              ],\r\n              \"name\": \"root\"\r\n            },\r\n            {\r\n              \"frame\": [\r\n                {\r\n                  \"transform\": {},\r\n                  \"duration\": 0\r\n                }\r\n              ],\r\n              \"name\": \"gq\"\r\n            },\r\n            {\r\n              \"frame\": [\r\n                {\r\n                  \"transform\": {},\r\n                  \"duration\": 0\r\n                }\r\n              ],\r\n              \"name\": \"s\"\r\n            }\r\n          ],\r\n          \"slot\": [\r\n            {\r\n              \"frame\": [\r\n                {\r\n                  \"displayIndex\": -1,\r\n                  \"tweenEasing\": null,\r\n                  \"duration\": 0\r\n                }\r\n              ],\r\n              \"name\": \"gq\"\r\n            },\r\n            {\r\n              \"frame\": [\r\n                {\r\n                  \"tweenEasing\": null,\r\n                  \"duration\": 0\r\n                }\r\n              ],\r\n              \"name\": \"s\"\r\n            }\r\n          ],\r\n          \"name\": \"shou_1\"\r\n        }\r\n      ],\r\n      \"skin\": [\r\n        {\r\n          \"slot\": [\r\n            {\r\n              \"display\": [\r\n                {\r\n                  \"path\": \"shou/gq\",\r\n                  \"type\": \"image\",\r\n                  \"name\": \"shou/gq\",\r\n                  \"transform\": {\r\n                    \"y\": 1.15,\r\n                    \"x\": -0.6\r\n                  }\r\n                }\r\n              ],\r\n              \"name\": \"gq\"\r\n            },\r\n            {\r\n              \"display\": [\r\n                {\r\n                  \"path\": \"shou/s\",\r\n                  \"type\": \"image\",\r\n                  \"name\": \"shou/s\",\r\n                  \"transform\": {\r\n                    \"y\": -4.65,\r\n                    \"x\": -12.05\r\n                  }\r\n                },\r\n                {\r\n                  \"path\": \"shou/s1\",\r\n                  \"type\": \"image\",\r\n                  \"name\": \"shou/s1\",\r\n                  \"transform\": {\r\n                    \"y\": -0.15,\r\n                    \"x\": -12.55\r\n                  }\r\n                }\r\n              ],\r\n              \"name\": \"s\"\r\n            }\r\n          ],\r\n          \"name\": \"\"\r\n        }\r\n      ]\r\n    }\r\n  ],\r\n  \"isGlobal\": 0,\r\n  \"name\": \"yx_icon_shou\",\r\n  \"version\": \"4.5\"\r\n}"}