[{"__type__":"cc.SpriteFrame","content":{"name":"daojishishuzi","texture":"1d5zGdjmROq5o3mkVb49ib","rect":[5,0,171,20],"offset":[2.5,0],"originalSize":[176,20],"capInsets":[0,0,0,0]}},{"__type__":"cc.LabelAtlas","_name":"libao","spriteFrame":{"__uuid__":"61MH8PbyFPhZwM7koDRvzN"},"fontSize":17.6,"_fntConfig":{"commonHeight":20,"fontSize":17,"atlasName":"daojishishuzi","fontDefDictionary":{"47":{"rect":{"x":0,"y":0,"width":16,"height":20},"xOffset":0,"yOffset":0,"xAdvance":16},"48":{"rect":{"x":16,"y":0,"width":16,"height":20},"xOffset":0,"yOffset":0,"xAdvance":16},"49":{"rect":{"x":32,"y":0,"width":16,"height":20},"xOffset":0,"yOffset":0,"xAdvance":16},"50":{"rect":{"x":48,"y":0,"width":16,"height":20},"xOffset":0,"yOffset":0,"xAdvance":16},"51":{"rect":{"x":64,"y":0,"width":16,"height":20},"xOffset":0,"yOffset":0,"xAdvance":16},"52":{"rect":{"x":80,"y":0,"width":16,"height":20},"xOffset":0,"yOffset":0,"xAdvance":16},"53":{"rect":{"x":96,"y":0,"width":16,"height":20},"xOffset":0,"yOffset":0,"xAdvance":16},"54":{"rect":{"x":112,"y":0,"width":16,"height":20},"xOffset":0,"yOffset":0,"xAdvance":16},"55":{"rect":{"x":128,"y":0,"width":16,"height":20},"xOffset":0,"yOffset":0,"xAdvance":16},"56":{"rect":{"x":144,"y":0,"width":16,"height":20},"xOffset":0,"yOffset":0,"xAdvance":16},"57":{"rect":{"x":160,"y":0,"width":16,"height":20},"xOffset":0,"yOffset":0,"xAdvance":16}},"kerningDict":{}}}]