[{"__type__":"cc.Prefab","_name":"Hand_Prefab","data":{"__id__":1}},{"__type__":"cc.Node","_name":"Hand_Prefab","_children":[{"__id__":2}],"_components":[{"__type__":"1f43e46ApxBAKtElJE4dMxF","node":{"__id__":1}}],"_prefab":{"__type__":"cc.PrefabInfo","root":{"__id__":1},"asset":{"__uuid__":"d9ZngvEbNG2bxjslWWTjCD"},"fileId":"72mBqRQO5NYKKvG6St9wE/"},"_trs":{"__type__":"TypedArray","ctor":"Float64Array","array":[0,0,0,0,0,0,1,1,1,1]}},{"__type__":"cc.Node","_name":"yx_icon_shou_ske","_parent":{"__id__":1},"_components":[{"__type__":"dragonBones.ArmatureDisplay","node":{"__id__":2},"_materials":[{"__uuid__":"ecpdLyjvZBwrvm+cedCcQy"}],"_armatureName":"Armature","_animationName":"shou","_preCacheMode":0,"_armatureKey":"02450d63-c0bf-4700-9054-16b9cf34a014#fceaf37b-1561-4367-840a-554c132ea0f7","_N$dragonAsset":{"__uuid__":"02RQ1jwL9HAJBUFrnPNKAU"},"_N$dragonAtlasAsset":{"__uuid__":"fc6vN7FWFDZ4QKVUwTLqD3"}}],"_prefab":{"__type__":"cc.PrefabInfo","root":{"__id__":1},"asset":{"__uuid__":"d9ZngvEbNG2bxjslWWTjCD"},"fileId":"2dlClpvmZFxZ9d3AKkcnOL"},"_contentSize":{"__type__":"cc.Size","width":134,"height":138},"_trs":{"__type__":"TypedArray","ctor":"Float64Array","array":[0,0,0,0,0,0,1,1,1,1]}}]