[[{"__type__":"cc.Prefab","_name":"BuyMoney","data":{"__id__":1}},{"__type__":"cc.Node","_name":"BuyMoney","_children":[{"__id__":2},{"__id__":3}],"_components":[{"__type__":"cc.Widget","node":{"__id__":1},"_alignFlags":45},{"__type__":"9ea6aXxK65B57trKoAoNnHc","node":{"__id__":1}}],"_prefab":{"__type__":"cc.PrefabInfo","root":{"__id__":1},"asset":{"__uuid__":"30OgkPzyBK3pKORAPawbQa"},"fileId":"edxOAmvvVJgIslehk1BmPH"},"_contentSize":{"__type__":"cc.Size","width":720,"height":1280},"_trs":{"__type__":"TypedArray","ctor":"Float64Array","array":[360,640,0,0,0,0,1,1,1,1]}},{"__type__":"cc.Node","_name":"New Sprite(Splash)","_parent":{"__id__":1},"_components":[{"__type__":"cc.Sprite","node":{"__id__":2},"_materials":[{"__uuid__":"ecpdLyjvZBwrvm+cedCcQy"}],"_spriteFrame":{"__uuid__":"a2MjXRFdtLlYQ5ouAFv/+R"},"_sizeMode":0},{"__type__":"cc.BlockInputEvents","node":{"__id__":2}}],"_prefab":{"__type__":"cc.PrefabInfo","root":{"__id__":1},"asset":{"__uuid__":"30OgkPzyBK3pKORAPawbQa"},"fileId":"04uqek7f5GeL11LioRXPVJ"},"_opacity":155,"_color":{"__type__":"cc.Color"},"_contentSize":{"__type__":"cc.Size","width":720,"height":1680},"_trs":{"__type__":"TypedArray","ctor":"Float64Array","array":[0,0,0,0,0,0,1,1,1,1]}},{"__type__":"cc.Node","_name":"back","_parent":{"__id__":1},"_children":[{"__id__":4},{"__id__":9}],"_components":[{"__type__":"cc.Sprite","node":{"__id__":3},"_materials":[{"__uuid__":"ecpdLyjvZBwrvm+cedCcQy"}],"_spriteFrame":{"__uuid__":"a2g8nWnKFODZUIQyFv6pEN"}}],"_prefab":{"__type__":"cc.PrefabInfo","root":{"__id__":1},"asset":{"__uuid__":"30OgkPzyBK3pKORAPawbQa"},"fileId":"88MhSLertOX60lTR7PuNLm"},"_contentSize":{"__type__":"cc.Size","width":510,"height":360},"_trs":{"__type__":"TypedArray","ctor":"Float64Array","array":[0,0,0,0,0,0,1,1,1,1]}},{"__type__":"cc.Node","_name":"button","_parent":{"__id__":3},"_children":[{"__id__":5},{"__id__":6}],"_components":[{"__type__":"cc.Layout","node":{"__id__":4},"_layoutSize":{"__type__":"cc.Size","width":480,"height":99},"_resize":1,"_N$layoutType":1,"_N$spacingX":50}],"_prefab":{"__type__":"cc.PrefabInfo","root":{"__id__":1},"asset":{"__uuid__":"30OgkPzyBK3pKORAPawbQa"},"fileId":"f207ehox5Ou6Tu/5UaDyoq"},"_contentSize":{"__type__":"cc.Size","width":480,"height":99},"_trs":{"__type__":"TypedArray","ctor":"Float64Array","array":[0,-115,0,0,0,0,1,1,1,1]}},{"__type__":"cc.Node","_name":"fangqi","_parent":{"__id__":4},"_components":[{"__type__":"cc.Sprite","node":{"__id__":5},"_materials":[{"__uuid__":"ecpdLyjvZBwrvm+cedCcQy"}],"_spriteFrame":{"__uuid__":"faXMNZ9upKzJTZnkNy+7ia"}},{"__type__":"cc.Button","node":{"__id__":5},"_normalMaterial":{"__uuid__":"ecpdLyjvZBwrvm+cedCcQy"},"clickEvents":[{"__type__":"cc.ClickEvent","target":{"__id__":1},"_componentId":"9ea6aXxK65B57trKoAoNnHc","handler":"button_Click"}],"_N$transition":1,"transition":1}],"_prefab":{"__type__":"cc.PrefabInfo","root":{"__id__":1},"asset":{"__uuid__":"30OgkPzyBK3pKORAPawbQa"},"fileId":"67C6+rMcdH84fCOkQGqEEq"},"_contentSize":{"__type__":"cc.Size","width":215,"height":99},"_trs":{"__type__":"TypedArray","ctor":"Float64Array","array":[-132.5,0,0,0,0,0,1,1,1,1]}},{"__type__":"cc.Node","_name":"lingqu","_parent":{"__id__":4},"_children":[{"__id__":7}],"_components":[{"__type__":"cc.Sprite","node":{"__id__":6},"_materials":[{"__uuid__":"ecpdLyjvZBwrvm+cedCcQy"}],"_spriteFrame":{"__uuid__":"6758Dpz19G+JvxjlvLtFB4"}},{"__type__":"cc.Button","node":{"__id__":6},"_normalMaterial":{"__uuid__":"ecpdLyjvZBwrvm+cedCcQy"},"clickEvents":[{"__type__":"cc.ClickEvent","target":{"__id__":1},"_componentId":"9ea6aXxK65B57trKoAoNnHc","handler":"button_Click"}],"_N$transition":1,"transition":1}],"_prefab":{"__type__":"cc.PrefabInfo","root":{"__id__":1},"asset":{"__uuid__":"30OgkPzyBK3pKORAPawbQa"},"fileId":"bfVwtR5E5KK6gH4dP+XbWw"},"_contentSize":{"__type__":"cc.Size","width":215,"height":99},"_trs":{"__type__":"TypedArray","ctor":"Float64Array","array":[132.5,0,0,0,0,0,1,1,1,1]}},{"__type__":"cc.Node","_name":"Hand_Prefab","_parent":{"__id__":6},"_children":[{"__id__":8}],"_components":[{"__type__":"1f43e46ApxBAKtElJE4dMxF","node":{"__id__":7}}],"_prefab":{"__type__":"cc.PrefabInfo","root":{"__id__":1},"asset":{"__uuid__":"30OgkPzyBK3pKORAPawbQa"},"fileId":"41w5KRe/tMdYrqjWR/xa9B"},"_trs":{"__type__":"TypedArray","ctor":"Float64Array","array":[74.137,0,0,0,0,0,1,1,1,1]}},{"__type__":"cc.Node","_name":"yx_icon_shou_ske","_parent":{"__id__":7},"_components":[{"__type__":"dragonBones.ArmatureDisplay","node":{"__id__":8},"_materials":[{"__uuid__":"ecpdLyjvZBwrvm+cedCcQy"}],"_armatureName":"Armature","_animationName":"shou","_preCacheMode":0,"_armatureKey":"02450d63-c0bf-4700-9054-16b9cf34a014#fceaf37b-1561-4367-840a-554c132ea0f7","_N$dragonAsset":{"__uuid__":"02RQ1jwL9HAJBUFrnPNKAU"},"_N$dragonAtlasAsset":{"__uuid__":"fc6vN7FWFDZ4QKVUwTLqD3"}}],"_prefab":{"__type__":"cc.PrefabInfo","root":{"__id__":1},"asset":{"__uuid__":"30OgkPzyBK3pKORAPawbQa"},"fileId":"a1NFoBB0pDI5kOT3mMzhIu"},"_contentSize":{"__type__":"cc.Size","width":134,"height":138},"_trs":{"__type__":"TypedArray","ctor":"Float64Array","array":[0,0,0,0,0,0,1,1,1,1]}},{"__type__":"cc.Node","_name":"label","_parent":{"__id__":3},"_components":[{"__type__":"cc.Label","node":{"__id__":9},"_materials":[{"__uuid__":"ecpdLyjvZBwrvm+cedCcQy"}],"_useOriginalSize":false,"_string":"/200","_N$string":"/200","_N$file":{"__uuid__":"8aBvB4xU1PPpvBM1ISeM/Q"},"_isSystemFontUsed":false,"_N$horizontalAlign":1,"_N$verticalAlign":1}],"_prefab":{"__type__":"cc.PrefabInfo","root":{"__id__":1},"asset":{"__uuid__":"30OgkPzyBK3pKORAPawbQa"},"fileId":"6fd767Z89MVo7+nM6yrhHa"},"_contentSize":{"__type__":"cc.Size","width":135.38,"height":40},"_trs":{"__type__":"TypedArray","ctor":"Float64Array","array":[0,0,0,0,0,0,1,1,1,1]}}],{"__type__":"cc.SpriteFrame","content":{"name":"lingqu","texture":"81Rs3cHhxHD7LRkMHMDq47","rect":[0,0,215,99],"offset":[0,0],"originalSize":[215,99],"capInsets":[0,0,0,0]}},{"__type__":"cc.SpriteFrame","content":{"name":"default_sprite_splash","texture":"02delMVqdBD70a/HSD99FK","rect":[0,0,2,2],"offset":[0,0],"originalSize":[2,2],"capInsets":[0,0,0,0]}},{"__type__":"cc.SpriteFrame","content":{"name":"back","texture":"54CPi9FcJPqqHOyB1lFN0E","rect":[0,0,510,360],"offset":[0,0],"originalSize":[510,360],"capInsets":[0,0,0,0]}},{"__type__":"cc.SpriteFrame","content":{"name":"fangqi","texture":"b6Kop50uhDXKwd/nxYALMu","rect":[0,0,215,99],"offset":[0,0],"originalSize":[215,99],"capInsets":[0,0,0,0]}}]