[{"__type__":"cc.LabelAtlas","_name":"with","spriteFrame":{"__uuid__":"7eSC/cpq5FBblpSWEThhfl"},"fontSize":29.04,"_fntConfig":{"commonHeight":33,"fontSize":29,"atlasName":"shuzi","fontDefDictionary":{"47":{"rect":{"x":0,"y":0,"width":24,"height":33},"xOffset":0,"yOffset":0,"xAdvance":24},"48":{"rect":{"x":24,"y":0,"width":24,"height":33},"xOffset":0,"yOffset":0,"xAdvance":24},"49":{"rect":{"x":48,"y":0,"width":24,"height":33},"xOffset":0,"yOffset":0,"xAdvance":24},"50":{"rect":{"x":72,"y":0,"width":24,"height":33},"xOffset":0,"yOffset":0,"xAdvance":24},"51":{"rect":{"x":96,"y":0,"width":24,"height":33},"xOffset":0,"yOffset":0,"xAdvance":24},"52":{"rect":{"x":120,"y":0,"width":24,"height":33},"xOffset":0,"yOffset":0,"xAdvance":24},"53":{"rect":{"x":144,"y":0,"width":24,"height":33},"xOffset":0,"yOffset":0,"xAdvance":24},"54":{"rect":{"x":168,"y":0,"width":24,"height":33},"xOffset":0,"yOffset":0,"xAdvance":24},"55":{"rect":{"x":192,"y":0,"width":24,"height":33},"xOffset":0,"yOffset":0,"xAdvance":24},"56":{"rect":{"x":216,"y":0,"width":24,"height":33},"xOffset":0,"yOffset":0,"xAdvance":24},"57":{"rect":{"x":240,"y":0,"width":24,"height":33},"xOffset":0,"yOffset":0,"xAdvance":24}},"kerningDict":{}}},{"__type__":"cc.SpriteFrame","content":{"name":"shuzi","texture":"23AHE5EJBOxKo1ceb405Bc","rect":[0,0,263,31],"offset":[-0.5,1],"originalSize":[264,33],"capInsets":[0,0,0,0]}}]