[{"__type__":"cc.SpriteFrame","content":{"name":"xingxing1","texture":"4dnEIkA65BAKqwwJrUCyxF","rect":[0,0,132,138],"offset":[0,0],"originalSize":[132,138],"capInsets":[0,0,0,0]}},{"__type__":"cc.SpriteFrame","content":{"name":"kuang","texture":"ceDEAOZK5JoqKknfYvuI3+","rect":[0,0,506,169],"offset":[0,0],"originalSize":[506,169],"capInsets":[0,0,0,0]}},{"__type__":"cc.SpriteFrame","content":{"name":"xingxing","texture":"78gaJLZxBKMppOop1XZjXY","rect":[0,0,168,161],"offset":[0,0],"originalSize":[168,161],"capInsets":[0,0,0,0]}},{"__type__":"cc.SpriteFrame","content":{"name":"fenxiang","texture":"36btwmDipPwbF3Lx22E9ab","rect":[0,0,157,184],"offset":[0,0],"originalSize":[157,184],"capInsets":[0,0,0,0]}},{"__type__":"cc.SpriteFrame","content":{"name":"xiayiguan","texture":"ca4vK5DH1FapJNLpScqKpd","rect":[0,0,202,102],"offset":[0,0],"originalSize":[202,102],"capInsets":[0,0,0,0]}},{"__type__":"cc.SpriteFrame","content":{"name":"jinbidui","texture":"b6BtQSY+FLWqZYwhSgWr3g","rect":[0,0,180,157],"offset":[0,0],"originalSize":[180,157],"capInsets":[0,0,0,0]}},{"__type__":"cc.SpriteFrame","content":{"name":"guang","texture":"e9Py78obdMvIqgwNR3Y2W1","rect":[0,0,487,487],"offset":[0,0],"originalSize":[487,487],"capInsets":[0,0,0,0]}},{"__type__":"cc.SpriteFrame","content":{"name":"shuangbei","texture":"c7hHyG+7lBdKX37EcDyjNv","rect":[0,0,202,102],"offset":[0,0],"originalSize":[202,102],"capInsets":[0,0,0,0]}},{"__type__":"cc.SpriteFrame","content":{"name":"default_sprite_splash","texture":"02delMVqdBD70a/HSD99FK","rect":[0,0,2,2],"offset":[0,0],"originalSize":[2,2],"capInsets":[0,0,0,0]}},{"__type__":"cc.SpriteFrame","content":{"name":"fanhui","texture":"f5pMsGuJlML5j9u3SGQ4nc","rect":[0,0,56,51],"offset":[0,0],"originalSize":[56,51],"capInsets":[0,0,0,0]}},[{"__type__":"cc.Prefab","_name":"victory","data":{"__id__":1}},{"__type__":"cc.Node","_name":"victory","_children":[{"__id__":2},{"__id__":3},{"__id__":17}],"_components":[{"__type__":"cc.Widget","node":{"__id__":1},"_alignFlags":45},{"__type__":"7539dV2ellPLIvwQ078bkkO","node":{"__id__":1},"light":{"__id__":4},"fx":{"__id__":16}}],"_prefab":{"__type__":"cc.PrefabInfo","root":{"__id__":1},"asset":{"__uuid__":"daLbAfjuBOj7LRWpPUeQhp"},"fileId":"a5IT4NjOpB7LypNFolDMIW"},"_contentSize":{"__type__":"cc.Size","width":720,"height":1280},"_trs":{"__type__":"TypedArray","ctor":"Float64Array","array":[360,640,0,0,0,0,1,1,1,1]}},{"__type__":"cc.Node","_name":"New Sprite(Splash)","_parent":{"__id__":1},"_components":[{"__type__":"cc.Sprite","node":{"__id__":2},"_materials":[{"__uuid__":"ecpdLyjvZBwrvm+cedCcQy"}],"_spriteFrame":{"__uuid__":"a2MjXRFdtLlYQ5ouAFv/+R"},"_sizeMode":0},{"__type__":"cc.BlockInputEvents","node":{"__id__":2}}],"_prefab":{"__type__":"cc.PrefabInfo","root":{"__id__":1},"asset":{"__uuid__":"daLbAfjuBOj7LRWpPUeQhp"},"fileId":"d1J6OvBgVHuJCbpNHRsdxt"},"_opacity":155,"_color":{"__type__":"cc.Color"},"_contentSize":{"__type__":"cc.Size","width":720,"height":1680},"_trs":{"__type__":"TypedArray","ctor":"Float64Array","array":[0,0,0,0,0,0,1,1,1,1]}},{"__type__":"cc.Node","_name":"main","_parent":{"__id__":1},"_children":[{"__id__":4},{"__id__":5},{"__id__":9},{"__id__":11},{"__id__":16}],"_prefab":{"__type__":"cc.PrefabInfo","root":{"__id__":1},"asset":{"__uuid__":"daLbAfjuBOj7LRWpPUeQhp"},"fileId":"38lUEmZgdNuaDa6chDdNyU"},"_contentSize":{"__type__":"cc.Size","width":300,"height":628},"_trs":{"__type__":"TypedArray","ctor":"Float64Array","array":[0,0,0,0,0,0,1,1,1,1]}},{"__type__":"cc.Node","_name":"guang","_parent":{"__id__":3},"_components":[{"__type__":"cc.Sprite","node":{"__id__":4},"_materials":[{"__uuid__":"ecpdLyjvZBwrvm+cedCcQy"}],"_spriteFrame":{"__uuid__":"83oQTAbclJ85upGzlJfTwe"}}],"_prefab":{"__type__":"cc.PrefabInfo","root":{"__id__":1},"asset":{"__uuid__":"daLbAfjuBOj7LRWpPUeQhp"},"fileId":"74T8cB70FK7Y19BqZ/TrDS"},"_contentSize":{"__type__":"cc.Size","width":487,"height":487},"_trs":{"__type__":"TypedArray","ctor":"Float64Array","array":[0,280,0,0,0,0,1,1,1,1]}},{"__type__":"cc.Node","_name":"kuang","_parent":{"__id__":3},"_children":[{"__id__":6},{"__id__":7},{"__id__":8}],"_components":[{"__type__":"cc.Sprite","node":{"__id__":5},"_materials":[{"__uuid__":"ecpdLyjvZBwrvm+cedCcQy"}],"_spriteFrame":{"__uuid__":"1cX8li8r5GgZU7vo1pKrKA"}}],"_prefab":{"__type__":"cc.PrefabInfo","root":{"__id__":1},"asset":{"__uuid__":"daLbAfjuBOj7LRWpPUeQhp"},"fileId":"610iV53xRIRa5N3VMxo68n"},"_contentSize":{"__type__":"cc.Size","width":506,"height":169},"_trs":{"__type__":"TypedArray","ctor":"Float64Array","array":[0,229.5,0,0,0,0,1,1,1,1]}},{"__type__":"cc.Node","_name":"xingxing1","_parent":{"__id__":5},"_components":[{"__type__":"cc.Sprite","node":{"__id__":6},"_materials":[{"__uuid__":"ecpdLyjvZBwrvm+cedCcQy"}],"_spriteFrame":{"__uuid__":"08Wk84o09OjIzYmu1fvLT1"}}],"_prefab":{"__type__":"cc.PrefabInfo","root":{"__id__":1},"asset":{"__uuid__":"daLbAfjuBOj7LRWpPUeQhp"},"fileId":"81Q8AWJX1BYpiNblQj9KQ9"},"_contentSize":{"__type__":"cc.Size","width":132,"height":138},"_trs":{"__type__":"TypedArray","ctor":"Float64Array","array":[-145,7,0,0,0,0,1,1,1,1]}},{"__type__":"cc.Node","_name":"xingxing","_parent":{"__id__":5},"_components":[{"__type__":"cc.Sprite","node":{"__id__":7},"_materials":[{"__uuid__":"ecpdLyjvZBwrvm+cedCcQy"}],"_spriteFrame":{"__uuid__":"22/rkgtF1H9of5L+z0DN6a"}}],"_prefab":{"__type__":"cc.PrefabInfo","root":{"__id__":1},"asset":{"__uuid__":"daLbAfjuBOj7LRWpPUeQhp"},"fileId":"051do5s4FFUJ1lmOHp34Dy"},"_contentSize":{"__type__":"cc.Size","width":168,"height":161},"_trs":{"__type__":"TypedArray","ctor":"Float64Array","array":[0,65,0,0,0,0,1,1,1,1]}},{"__type__":"cc.Node","_name":"xingxing1","_parent":{"__id__":5},"_components":[{"__type__":"cc.Sprite","node":{"__id__":8},"_materials":[{"__uuid__":"ecpdLyjvZBwrvm+cedCcQy"}],"_spriteFrame":{"__uuid__":"08Wk84o09OjIzYmu1fvLT1"}}],"_prefab":{"__type__":"cc.PrefabInfo","root":{"__id__":1},"asset":{"__uuid__":"daLbAfjuBOj7LRWpPUeQhp"},"fileId":"dcf2i5p1JI+phT1VruHjWu"},"_contentSize":{"__type__":"cc.Size","width":132,"height":138},"_trs":{"__type__":"TypedArray","ctor":"Float64Array","array":[145,7,0,0,0,-0.3826834323650898,0.9238795325112867,1,1,1]},"_eulerAngles":{"__type__":"cc.Vec3","z":-45}},{"__type__":"cc.Node","_name":"jinbidui","_parent":{"__id__":3},"_children":[{"__id__":10}],"_components":[{"__type__":"cc.Sprite","node":{"__id__":9},"_materials":[{"__uuid__":"ecpdLyjvZBwrvm+cedCcQy"}],"_spriteFrame":{"__uuid__":"73SR3A2X9AnYB/ecGYSe9a"}}],"_prefab":{"__type__":"cc.PrefabInfo","root":{"__id__":1},"asset":{"__uuid__":"daLbAfjuBOj7LRWpPUeQhp"},"fileId":"b7VwcJ8L1KyI35ogLGi9Kn"},"_contentSize":{"__type__":"cc.Size","width":180,"height":157},"_trs":{"__type__":"TypedArray","ctor":"Float64Array","array":[0,0,0,0,0,0,1,1,1,1]}},{"__type__":"cc.Node","_name":"jb_label","_parent":{"__id__":9},"_components":[{"__type__":"cc.Label","node":{"__id__":10},"_materials":[{"__uuid__":"ecpdLyjvZBwrvm+cedCcQy"}],"_useOriginalSize":false,"_string":"/30","_N$string":"/30","_N$file":{"__uuid__":"32apUmcQBCdL191NHj4zLc"},"_isSystemFontUsed":false,"_N$horizontalAlign":1,"_N$verticalAlign":1}],"_prefab":{"__type__":"cc.PrefabInfo","root":{"__id__":1},"asset":{"__uuid__":"daLbAfjuBOj7LRWpPUeQhp"},"fileId":"00vKAmCtpKvosJ7DR7DWYF"},"_contentSize":{"__type__":"cc.Size","width":99.31,"height":40},"_trs":{"__type__":"TypedArray","ctor":"Float64Array","array":[0,-110,0,0,0,0,1,1,1,1]}},{"__type__":"cc.Node","_name":"button","_parent":{"__id__":3},"_children":[{"__id__":12},{"__id__":13}],"_components":[{"__type__":"cc.Layout","node":{"__id__":11},"_layoutSize":{"__type__":"cc.Size","width":484,"height":102},"_resize":1,"_N$layoutType":1,"_N$spacingX":80}],"_prefab":{"__type__":"cc.PrefabInfo","root":{"__id__":1},"asset":{"__uuid__":"daLbAfjuBOj7LRWpPUeQhp"},"fileId":"e7FIyCrLRGY4OgjKREljPq"},"_contentSize":{"__type__":"cc.Size","width":484,"height":102},"_trs":{"__type__":"TypedArray","ctor":"Float64Array","array":[0,-263,0,0,0,0,1,1,1,1]}},{"__type__":"cc.Node","_name":"next","_parent":{"__id__":11},"_components":[{"__type__":"cc.Sprite","node":{"__id__":12},"_materials":[{"__uuid__":"ecpdLyjvZBwrvm+cedCcQy"}],"_spriteFrame":{"__uuid__":"57cXvxTnVJP4yWH9BWXHSQ"}},{"__type__":"cc.Button","node":{"__id__":12},"_normalMaterial":{"__uuid__":"ecpdLyjvZBwrvm+cedCcQy"},"clickEvents":[{"__type__":"cc.ClickEvent","target":{"__id__":1},"_componentId":"7539dV2ellPLIvwQ078bkkO","handler":"click_Button"}],"_N$transition":3,"transition":3}],"_prefab":{"__type__":"cc.PrefabInfo","root":{"__id__":1},"asset":{"__uuid__":"daLbAfjuBOj7LRWpPUeQhp"},"fileId":"51W1jFf79JsbRoRnMqa0cL"},"_contentSize":{"__type__":"cc.Size","width":202,"height":102},"_trs":{"__type__":"TypedArray","ctor":"Float64Array","array":[-141,0,0,0,0,0,1,1,1,1]}},{"__type__":"cc.Node","_name":"two_next","_parent":{"__id__":11},"_children":[{"__id__":14}],"_components":[{"__type__":"cc.Sprite","node":{"__id__":13},"_materials":[{"__uuid__":"ecpdLyjvZBwrvm+cedCcQy"}],"_spriteFrame":{"__uuid__":"9eF6YM7xJJDr+OE48xgAkR"}},{"__type__":"cc.Button","node":{"__id__":13},"_normalMaterial":{"__uuid__":"ecpdLyjvZBwrvm+cedCcQy"},"clickEvents":[{"__type__":"cc.ClickEvent","target":{"__id__":1},"_componentId":"7539dV2ellPLIvwQ078bkkO","handler":"click_Button"}],"_N$transition":3,"transition":3}],"_prefab":{"__type__":"cc.PrefabInfo","root":{"__id__":1},"asset":{"__uuid__":"daLbAfjuBOj7LRWpPUeQhp"},"fileId":"5cbI7Ro6xEa7UQ4aucjiwT"},"_contentSize":{"__type__":"cc.Size","width":202,"height":102},"_trs":{"__type__":"TypedArray","ctor":"Float64Array","array":[141,0,0,0,0,0,1,1,1,1]}},{"__type__":"cc.Node","_name":"Hand_Prefab","_parent":{"__id__":13},"_children":[{"__id__":15}],"_components":[{"__type__":"1f43e46ApxBAKtElJE4dMxF","node":{"__id__":14}}],"_prefab":{"__type__":"cc.PrefabInfo","root":{"__id__":1},"asset":{"__uuid__":"daLbAfjuBOj7LRWpPUeQhp"},"fileId":"b4t2s4QuhKh4kkJ8b4ymvv"},"_trs":{"__type__":"TypedArray","ctor":"Float64Array","array":[73.499,0,0,0,0,0,1,1,1,1]}},{"__type__":"cc.Node","_name":"yx_icon_shou_ske","_parent":{"__id__":14},"_components":[{"__type__":"dragonBones.ArmatureDisplay","node":{"__id__":15},"_materials":[{"__uuid__":"ecpdLyjvZBwrvm+cedCcQy"}],"_armatureName":"Armature","_animationName":"shou","_preCacheMode":0,"_armatureKey":"02450d63-c0bf-4700-9054-16b9cf34a014#fceaf37b-1561-4367-840a-554c132ea0f7","_N$dragonAsset":{"__uuid__":"02RQ1jwL9HAJBUFrnPNKAU"},"_N$dragonAtlasAsset":{"__uuid__":"fc6vN7FWFDZ4QKVUwTLqD3"}}],"_prefab":{"__type__":"cc.PrefabInfo","root":{"__id__":1},"asset":{"__uuid__":"daLbAfjuBOj7LRWpPUeQhp"},"fileId":"31mJ/LuPtMDr8xc6JDzMU6"},"_contentSize":{"__type__":"cc.Size","width":134,"height":138},"_trs":{"__type__":"TypedArray","ctor":"Float64Array","array":[0,0,0,0,0,0,1,1,1,1]}},{"__type__":"cc.Node","_name":"share","_parent":{"__id__":3},"_components":[{"__type__":"cc.Sprite","node":{"__id__":16},"_materials":[{"__uuid__":"ecpdLyjvZBwrvm+cedCcQy"}],"_spriteFrame":{"__uuid__":"55KmqhShBFsqRnJL2WzvKd"}},{"__type__":"cc.Button","node":{"__id__":16},"_normalMaterial":{"__uuid__":"ecpdLyjvZBwrvm+cedCcQy"},"clickEvents":[{"__type__":"cc.ClickEvent","target":{"__id__":1},"_componentId":"7539dV2ellPLIvwQ078bkkO","handler":"click_Button"}],"_N$transition":3,"transition":3}],"_prefab":{"__type__":"cc.PrefabInfo","root":{"__id__":1},"asset":{"__uuid__":"daLbAfjuBOj7LRWpPUeQhp"},"fileId":"6cbOM/KPJB3JtuqRsDr+od"},"_contentSize":{"__type__":"cc.Size","width":157,"height":184},"_trs":{"__type__":"TypedArray","ctor":"Float64Array","array":[260,0,0,0,0,0,1,1,1,1]}},{"__type__":"cc.Node","_name":"fanhui","_parent":{"__id__":1},"_components":[{"__type__":"cc.Sprite","node":{"__id__":17},"_materials":[{"__uuid__":"ecpdLyjvZBwrvm+cedCcQy"}],"_spriteFrame":{"__uuid__":"ccIkclS/lJa5QSoSiNBExb"}},{"__type__":"cc.Widget","node":{"__id__":17},"_alignFlags":9,"_left":15,"_top":110},{"__type__":"cc.Button","node":{"__id__":17},"_normalMaterial":{"__uuid__":"ecpdLyjvZBwrvm+cedCcQy"},"clickEvents":[{"__type__":"cc.ClickEvent","target":{"__id__":1},"_componentId":"7539dV2ellPLIvwQ078bkkO","handler":"click_Button"}],"_N$transition":3,"transition":3}],"_prefab":{"__type__":"cc.PrefabInfo","root":{"__id__":1},"asset":{"__uuid__":"daLbAfjuBOj7LRWpPUeQhp"},"fileId":"f0JbOfL1JOkYJ0xXbzHXjT"},"_contentSize":{"__type__":"cc.Size","width":56,"height":51},"_trs":{"__type__":"TypedArray","ctor":"Float64Array","array":[-317,504.5,0,0,0,0,1,1,1,1]}}]]