[[{"__type__":"cc.Prefab","_name":"level","data":{"__id__":1}},{"__type__":"cc.Node","_name":"level","_children":[{"__id__":2}],"_components":[{"__id__":4},{"__type__":"55015atCrVJxKDMJ+skG+rS","node":{"__id__":1},"level_img":{"__id__":4},"NO_label":{"__id__":3}},{"__type__":"cc.Button","node":{"__id__":1},"_normalMaterial":{"__uuid__":"ecpdLyjvZBwrvm+cedCcQy"},"clickEvents":[{"__type__":"cc.ClickEvent","target":{"__id__":1},"_componentId":"55015atCrVJxKDMJ+skG+rS","handler":"click_level"}],"_N$transition":3,"transition":3}],"_prefab":{"__type__":"cc.PrefabInfo","root":{"__id__":1},"asset":{"__uuid__":"0bD38Kf1JPLZWlqm/Xgnjf"},"fileId":"aaV358wV1KrKNG8cFlq8RE"},"_contentSize":{"__type__":"cc.Size","width":151,"height":146},"_trs":{"__type__":"TypedArray","ctor":"Float64Array","array":[0,0,0,0,0,0,1,1,1,0]}},{"__type__":"cc.Node","_name":"label","_parent":{"__id__":1},"_components":[{"__id__":3}],"_prefab":{"__type__":"cc.PrefabInfo","root":{"__id__":1},"asset":{"__uuid__":"0bD38Kf1JPLZWlqm/Xgnjf"},"fileId":"c3dH01+kpGI4QhjeQKV8Ua"},"_contentSize":{"__type__":"cc.Size","width":76.74,"height":40},"_trs":{"__type__":"TypedArray","ctor":"Float64Array","array":[0,12,0,0,0,0,1,1,1,1]}},{"__type__":"cc.Label","node":{"__id__":2},"_materials":[{"__uuid__":"ecpdLyjvZBwrvm+cedCcQy"}],"_useOriginalSize":false,"_string":"01","_N$string":"01","_fontSize":50,"_N$file":{"__uuid__":"74QzSFQMdHW7LwdAiNuxJo"},"_isSystemFontUsed":false,"_N$horizontalAlign":1,"_N$verticalAlign":1},{"__type__":"cc.Sprite","node":{"__id__":1},"_materials":[{"__uuid__":"ecpdLyjvZBwrvm+cedCcQy"}],"_spriteFrame":{"__uuid__":"3d3ZiAtJJM0pbnWWygxcxt"}}],{"__type__":"cc.SpriteFrame","content":{"name":"level-guo","texture":"3egs8YTO9FjZXVgxyogxGn","rect":[0,0,151,146],"offset":[0,0],"originalSize":[151,146],"capInsets":[0,0,0,0]}}]