[{"__type__":"cc.LabelAtlas","_name":"play-1","spriteFrame":{"__uuid__":"7eQzXmlUBEWIZa59zvo1QB"},"fontSize":32.56,"_fntConfig":{"commonHeight":37,"fontSize":32,"atlasName":"guanqiashuzi","fontDefDictionary":{"48":{"rect":{"x":0,"y":0,"width":25,"height":37},"xOffset":0,"yOffset":0,"xAdvance":25},"49":{"rect":{"x":25,"y":0,"width":25,"height":37},"xOffset":0,"yOffset":0,"xAdvance":25},"50":{"rect":{"x":50,"y":0,"width":25,"height":37},"xOffset":0,"yOffset":0,"xAdvance":25},"51":{"rect":{"x":75,"y":0,"width":25,"height":37},"xOffset":0,"yOffset":0,"xAdvance":25},"52":{"rect":{"x":100,"y":0,"width":25,"height":37},"xOffset":0,"yOffset":0,"xAdvance":25},"53":{"rect":{"x":125,"y":0,"width":25,"height":37},"xOffset":0,"yOffset":0,"xAdvance":25},"54":{"rect":{"x":150,"y":0,"width":25,"height":37},"xOffset":0,"yOffset":0,"xAdvance":25},"55":{"rect":{"x":175,"y":0,"width":25,"height":37},"xOffset":0,"yOffset":0,"xAdvance":25},"56":{"rect":{"x":200,"y":0,"width":25,"height":37},"xOffset":0,"yOffset":0,"xAdvance":25},"57":{"rect":{"x":225,"y":0,"width":25,"height":37},"xOffset":0,"yOffset":0,"xAdvance":25}},"kerningDict":{}}},{"__type__":"cc.SpriteFrame","content":{"name":"guanqiashuzi","texture":"f5v4Yv+1FA7pFWJtNb9FcR","rect":[1,0,249,36],"offset":[0.5,0.5],"originalSize":[250,37],"capInsets":[0,0,0,0]}}]