[[{"__type__":"cc.Prefab","_name":"JingBi","data":{"__id__":1}},{"__type__":"cc.Node","_name":"JingBi","_children":[{"__id__":2}],"_components":[{"__type__":"cc.Sprite","node":{"__id__":1},"_materials":[{"__uuid__":"ecpdLyjvZBwrvm+cedCcQy"}],"_spriteFrame":{"__uuid__":"abO1l6ekNIxqGwM1fjUBYy"}},{"__type__":"cc.Widget","node":{"__id__":1},"_alignFlags":9,"_left":9.5,"_right":14.5,"_top":30},{"__type__":"eff13HEJVtNuZyfU8gRGseH","node":{"__id__":1},"jb_Txt":{"__id__":3}},{"__type__":"cc.Button","node":{"__id__":1},"clickEvents":[{"__type__":"cc.ClickEvent","target":{"__id__":1},"_componentId":"eff13HEJVtNuZyfU8gRGseH","handler":"showBuyMoney"}]}],"_prefab":{"__type__":"cc.PrefabInfo","root":{"__id__":1},"asset":{"__uuid__":"89De4o+b1LEZBNdZXtz45b"},"fileId":"bfhNXWiqRDt7DzNf6koDVB"},"_contentSize":{"__type__":"cc.Size","width":201,"height":75},"_trs":{"__type__":"TypedArray","ctor":"Float64Array","array":[-250,572.5,0,0,0,0,1,1,1,1]}},{"__type__":"cc.Node","_name":"globTxt","_parent":{"__id__":1},"_components":[{"__id__":3}],"_prefab":{"__type__":"cc.PrefabInfo","root":{"__id__":1},"asset":{"__uuid__":"89De4o+b1LEZBNdZXtz45b"},"fileId":"b05FDOJyNFOqfuWhx9g9U/"},"_contentSize":{"__type__":"cc.Size","width":82.76,"height":40},"_trs":{"__type__":"TypedArray","ctor":"Float64Array","array":[15,0,0,0,0,0,1,1,1,1]}},{"__type__":"cc.Label","node":{"__id__":2},"_materials":[{"__uuid__":"ecpdLyjvZBwrvm+cedCcQy"}],"_useOriginalSize":false,"_string":"0000","_N$string":"0000","_fontSize":25,"_N$file":{"__uuid__":"32apUmcQBCdL191NHj4zLc"},"_isSystemFontUsed":false,"_N$horizontalAlign":1,"_N$verticalAlign":1}],{"__type__":"cc.SpriteFrame","content":{"name":"jbk","texture":"fa0UkzQttEsbUFCdxcRB86","rect":[0,0,201,75],"offset":[0,0],"originalSize":[201,75],"capInsets":[0,0,0,0]}}]