[{"__type__":"cc.SpriteFrame","content":{"name":"jinbixiang","texture":"cavK/tY0FKjK2eRat8j+j4","rect":[0,0,191,189],"offset":[0,0],"originalSize":[191,189],"capInsets":[0,0,0,0]}},{"__type__":"cc.SpriteFrame","content":{"name":"guang1","texture":"58orQJ/o1F3rDCxeOk/VQu","rect":[0,0,601,601],"offset":[0,0],"originalSize":[601,601],"capInsets":[0,0,0,0]}},{"__type__":"cc.SpriteFrame","content":{"name":"default_sprite_splash","texture":"02delMVqdBD70a/HSD99FK","rect":[0,0,2,2],"offset":[0,0],"originalSize":[2,2],"capInsets":[0,0,0,0]}},[{"__type__":"cc.Prefab","_name":"jianglI","data":{"__id__":1}},{"__type__":"cc.Node","_name":"jianglI","_children":[{"__id__":2},{"__id__":3}],"_components":[{"__type__":"cc.Widget","node":{"__id__":1},"_alignFlags":45},{"__type__":"47a03LZ1e5IKYYeIInToS4G","node":{"__id__":1},"guang":{"__id__":4},"jiangLi_Count":{"__id__":7}}],"_prefab":{"__type__":"cc.PrefabInfo","root":{"__id__":1},"asset":{"__uuid__":"dfKH36xlxA9qdh3R+C7mEY"},"fileId":"acmCxCX9JAzLW0JryPUn83"},"_contentSize":{"__type__":"cc.Size","width":720,"height":1280},"_trs":{"__type__":"TypedArray","ctor":"Float64Array","array":[360,640,0,0,0,0,1,1,1,1]}},{"__type__":"cc.Node","_name":"New Sprite(Splash)","_parent":{"__id__":1},"_components":[{"__type__":"cc.Sprite","node":{"__id__":2},"_materials":[{"__uuid__":"ecpdLyjvZBwrvm+cedCcQy"}],"_spriteFrame":{"__uuid__":"a2MjXRFdtLlYQ5ouAFv/+R"},"_sizeMode":0},{"__type__":"cc.Button","node":{"__id__":2},"clickEvents":[{"__type__":"cc.ClickEvent","target":{"__id__":1},"_componentId":"47a03LZ1e5IKYYeIInToS4G","handler":"closeNode"}]}],"_prefab":{"__type__":"cc.PrefabInfo","root":{"__id__":1},"asset":{"__uuid__":"dfKH36xlxA9qdh3R+C7mEY"},"fileId":"1f818/NPpHRauh7EcQVhb6"},"_opacity":155,"_color":{"__type__":"cc.Color"},"_contentSize":{"__type__":"cc.Size","width":720,"height":1680},"_trs":{"__type__":"TypedArray","ctor":"Float64Array","array":[0,0,0,0,0,0,1,1,1,1]}},{"__type__":"cc.Node","_name":"New Node","_parent":{"__id__":1},"_children":[{"__id__":4},{"__id__":5}],"_prefab":{"__type__":"cc.PrefabInfo","root":{"__id__":1},"asset":{"__uuid__":"dfKH36xlxA9qdh3R+C7mEY"},"fileId":"db/BCNL9RIqbSaWliurrV8"},"_trs":{"__type__":"TypedArray","ctor":"Float64Array","array":[0,0,0,0,0,0,1,1,1,1]}},{"__type__":"cc.Node","_name":"guang1","_parent":{"__id__":3},"_components":[{"__type__":"cc.Sprite","node":{"__id__":4},"_materials":[{"__uuid__":"ecpdLyjvZBwrvm+cedCcQy"}],"_spriteFrame":{"__uuid__":"48JrxMJdRB6ZhedbCMKwrx"}}],"_prefab":{"__type__":"cc.PrefabInfo","root":{"__id__":1},"asset":{"__uuid__":"dfKH36xlxA9qdh3R+C7mEY"},"fileId":"4c3fJbQktFv6VlKBmm0Jqz"},"_contentSize":{"__type__":"cc.Size","width":601,"height":601},"_trs":{"__type__":"TypedArray","ctor":"Float64Array","array":[0,0,0,0,0,0,1,1,1,1]}},{"__type__":"cc.Node","_name":"jinbixiang","_parent":{"__id__":3},"_children":[{"__id__":6},{"__id__":8}],"_components":[{"__type__":"cc.Sprite","node":{"__id__":5},"_materials":[{"__uuid__":"ecpdLyjvZBwrvm+cedCcQy"}],"_spriteFrame":{"__uuid__":"2dYlvP4/pFQ50M4s7w9YIF"}}],"_prefab":{"__type__":"cc.PrefabInfo","root":{"__id__":1},"asset":{"__uuid__":"dfKH36xlxA9qdh3R+C7mEY"},"fileId":"3799c1tmxFPZHJi7VZB5lm"},"_contentSize":{"__type__":"cc.Size","width":191,"height":189},"_trs":{"__type__":"TypedArray","ctor":"Float64Array","array":[0,0,0,0,0,0,1,1,1,1]}},{"__type__":"cc.Node","_name":"label","_parent":{"__id__":5},"_components":[{"__id__":7}],"_prefab":{"__type__":"cc.PrefabInfo","root":{"__id__":1},"asset":{"__uuid__":"dfKH36xlxA9qdh3R+C7mEY"},"fileId":"6amIcsZIpO0aDAQC0Swby3"},"_contentSize":{"__type__":"cc.Size","width":135.38,"height":40},"_trs":{"__type__":"TypedArray","ctor":"Float64Array","array":[0,-120,0,0,0,0,1,1,1,1]}},{"__type__":"cc.Label","node":{"__id__":6},"_materials":[{"__uuid__":"ecpdLyjvZBwrvm+cedCcQy"}],"_useOriginalSize":false,"_string":"/123","_N$string":"/123","_N$file":{"__uuid__":"8aBvB4xU1PPpvBM1ISeM/Q"},"_isSystemFontUsed":false,"_N$horizontalAlign":1,"_N$verticalAlign":1},{"__type__":"cc.Node","_name":"wenzi","_parent":{"__id__":5},"_components":[{"__type__":"cc.Sprite","node":{"__id__":8},"_materials":[{"__uuid__":"ecpdLyjvZBwrvm+cedCcQy"}],"_spriteFrame":{"__uuid__":"edZg25ECxLapaZ1pfqxpYo"}}],"_prefab":{"__type__":"cc.PrefabInfo","root":{"__id__":1},"asset":{"__uuid__":"dfKH36xlxA9qdh3R+C7mEY"},"fileId":"dfdTINjy5BYYRtOTk390oO"},"_contentSize":{"__type__":"cc.Size","width":384,"height":42},"_trs":{"__type__":"TypedArray","ctor":"Float64Array","array":[0,-200,0,0,0,0,1,1,1,1]}}],{"__type__":"cc.SpriteFrame","content":{"name":"wenzi","texture":"b9gH0Tl6dEzKGzkln5xcqz","rect":[0,0,384,42],"offset":[0,0],"originalSize":[384,42],"capInsets":[0,0,0,0]}}]