[{"__type__":"cc.SpriteFrame","content":{"name":"default_sprite_splash","texture":"02delMVqdBD70a/HSD99FK","rect":[0,0,2,2],"offset":[0,0],"originalSize":[2,2],"capInsets":[0,0,0,0]}},[{"__type__":"cc.Prefab","_name":"Warning","data":{"__id__":1}},{"__type__":"cc.Node","_name":"Warning","_children":[{"__id__":2}],"_components":[{"__type__":"cc.Sprite","node":{"__id__":1},"_materials":[{"__uuid__":"ecpdLyjvZBwrvm+cedCcQy"}],"_spriteFrame":{"__uuid__":"a2MjXRFdtLlYQ5ouAFv/+R"},"_sizeMode":0},{"__type__":"cc.Widget","node":{"__id__":1},"_alignFlags":44,"_left":50,"_right":50,"_bottom":400,"_originalWidth":100},{"__type__":"4e116VvECNH/JwGjWYKcQk9","node":{"__id__":1},"warning_text":{"__id__":3}}],"_prefab":{"__type__":"cc.PrefabInfo","root":{"__id__":1},"asset":{"__uuid__":"b4wh+StddB/5zXfo/p9XyF"},"fileId":"db4ArO+u5DBbb9ZuHCpXLw"},"_color":{"__type__":"cc.Color"},"_contentSize":{"__type__":"cc.Size","width":620,"height":100},"_trs":{"__type__":"TypedArray","ctor":"Float64Array","array":[360,450,0,0,0,0,1,1,1,1]}},{"__type__":"cc.Node","_name":"label","_parent":{"__id__":1},"_components":[{"__id__":3},{"__type__":"cc.Widget","node":{"__id__":2},"_alignFlags":40,"_left":50,"_right":50,"_originalWidth":97.87}],"_prefab":{"__type__":"cc.PrefabInfo","root":{"__id__":1},"asset":{"__uuid__":"b4wh+StddB/5zXfo/p9XyF"},"fileId":"55Di8mqpZCrZPBCi821aVs"},"_contentSize":{"__type__":"cc.Size","width":520,"height":50.4},"_trs":{"__type__":"TypedArray","ctor":"Float64Array","array":[0,0,0,0,0,0,1,1,1,1]}},{"__type__":"cc.Label","node":{"__id__":2},"_materials":[{"__uuid__":"ecpdLyjvZBwrvm+cedCcQy"}],"_useOriginalSize":false,"_string":"请输入","_N$string":"请输入","_N$horizontalAlign":1,"_N$verticalAlign":1,"_N$overflow":3}]]