[{"__type__":"cc.SpriteFrame","content":{"name":"fanhui","texture":"76y2lLi5RMJZ9GpEx61BfP","rect":[0,0,99,68],"offset":[0,0],"originalSize":[99,68],"capInsets":[0,0,0,0]}},{"__type__":"cc.SpriteFrame","content":{"name":"biaoti","texture":"2d+94I8bFIRKFoYex3JbxV","rect":[0,0,188,47],"offset":[0,0],"originalSize":[188,47],"capInsets":[0,0,0,0]}},{"__type__":"cc.SpriteFrame","content":{"name":"level-guo","texture":"3egs8YTO9FjZXVgxyogxGn","rect":[0,0,151,146],"offset":[0,0],"originalSize":[151,146],"capInsets":[0,0,0,0]}},{"__type__":"cc.SpriteFrame","content":{"name":"back","texture":"7dB7rG2TlNVpLbSPzbMmB9","rect":[0,0,720,1680],"offset":[0,0],"originalSize":[720,1680],"capInsets":[0,0,0,0]}},{"__type__":"cc.SpriteFrame","content":{"name":"biaoti","texture":"4dhww8a2VEcpAuIENRE1tw","rect":[0,0,720,309],"offset":[0,0],"originalSize":[720,309],"capInsets":[0,0,0,0]}},[{"__type__":"cc.Prefab","_name":"xuanGuan","data":{"__id__":1}},{"__type__":"cc.Node","_name":"xuanGuan","_children":[{"__id__":2},{"__id__":3}],"_components":[{"__type__":"cc.Widget","node":{"__id__":1},"_alignFlags":45,"_originalWidth":300,"_originalHeight":200},{"__type__":"bbcf3wy1ndDl7ltnX2iJ2ms","node":{"__id__":1},"level_content":{"__id__":11}}],"_prefab":{"__type__":"cc.PrefabInfo","root":{"__id__":1},"asset":{"__uuid__":"c8oYNi/DtIqaloalSCRcTt"},"fileId":"19p+oNOtFFL7q3QGVLoWaz"},"_contentSize":{"__type__":"cc.Size","width":720,"height":1280},"_trs":{"__type__":"TypedArray","ctor":"Float64Array","array":[360,640,0,0,0,0,1,1,1,1]}},{"__type__":"cc.Node","_name":"back","_parent":{"__id__":1},"_components":[{"__type__":"cc.Sprite","node":{"__id__":2},"_materials":[{"__uuid__":"ecpdLyjvZBwrvm+cedCcQy"}],"_spriteFrame":{"__uuid__":"7eeJH0NAVN+ZQbyv3PYPOQ"}},{"__type__":"cc.BlockInputEvents","node":{"__id__":2}}],"_prefab":{"__type__":"cc.PrefabInfo","root":{"__id__":1},"asset":{"__uuid__":"c8oYNi/DtIqaloalSCRcTt"},"fileId":"8dpXfCiu1Ls7aO8Y2pNlfl"},"_contentSize":{"__type__":"cc.Size","width":720,"height":1680},"_trs":{"__type__":"TypedArray","ctor":"Float64Array","array":[0,0,0,0,0,0,1,1,1,1]}},{"__type__":"cc.Node","_name":"New Node","_parent":{"__id__":1},"_children":[{"__id__":4},{"__id__":9}],"_components":[{"__type__":"cc.Layout","node":{"__id__":3},"_layoutSize":{"__type__":"cc.Size","width":720,"height":1280},"_N$layoutType":2},{"__type__":"cc.Widget","node":{"__id__":3},"_alignFlags":45,"_originalWidth":300,"_originalHeight":200}],"_prefab":{"__type__":"cc.PrefabInfo","root":{"__id__":1},"asset":{"__uuid__":"c8oYNi/DtIqaloalSCRcTt"},"fileId":"30YbvIJjBMB54/fN9kbtWt"},"_contentSize":{"__type__":"cc.Size","width":720,"height":1280},"_trs":{"__type__":"TypedArray","ctor":"Float64Array","array":[0,0,0,0,0,0,1,1,1,1]}},{"__type__":"cc.Node","_name":"biaoti","_parent":{"__id__":3},"_children":[{"__id__":5},{"__id__":6}],"_components":[{"__type__":"cc.Widget","node":{"__id__":4},"_alignFlags":17}],"_prefab":{"__type__":"cc.PrefabInfo","root":{"__id__":1},"asset":{"__uuid__":"c8oYNi/DtIqaloalSCRcTt"},"fileId":"3eZBBF841LIpsXvVHWOv9q"},"_contentSize":{"__type__":"cc.Size","width":720,"height":208},"_trs":{"__type__":"TypedArray","ctor":"Float64Array","array":[0,536,0,0,0,0,1,1,1,1]}},{"__type__":"cc.Node","_name":"biaoti","_parent":{"__id__":4},"_components":[{"__type__":"cc.Sprite","node":{"__id__":5},"_materials":[{"__uuid__":"ecpdLyjvZBwrvm+cedCcQy"}],"_spriteFrame":{"__uuid__":"bcNhlLBU1PXqAEuf/DCsfm"}},{"__type__":"cc.Widget","node":{"__id__":5},"_alignFlags":17,"_top":-100}],"_prefab":{"__type__":"cc.PrefabInfo","root":{"__id__":1},"asset":{"__uuid__":"c8oYNi/DtIqaloalSCRcTt"},"fileId":"edzix1ZVJPA4iJ1em9/AyG"},"_contentSize":{"__type__":"cc.Size","width":720,"height":309},"_trs":{"__type__":"TypedArray","ctor":"Float64Array","array":[0,49.5,0,0,0,0,1,1,1,1]}},{"__type__":"cc.Node","_name":"title","_parent":{"__id__":4},"_children":[{"__id__":7},{"__id__":8}],"_components":[{"__type__":"cc.Widget","node":{"__id__":6},"_alignFlags":17,"_top":110}],"_prefab":{"__type__":"cc.PrefabInfo","root":{"__id__":1},"asset":{"__uuid__":"c8oYNi/DtIqaloalSCRcTt"},"fileId":"4eZ0PS0zZPW4Nuw84OrPTq"},"_contentSize":{"__type__":"cc.Size","width":687,"height":68},"_trs":{"__type__":"TypedArray","ctor":"Float64Array","array":[0,-40,0,0,0,0,1,1,1,1]}},{"__type__":"cc.Node","_name":"fanhui","_parent":{"__id__":6},"_components":[{"__type__":"cc.Sprite","node":{"__id__":7},"_materials":[{"__uuid__":"ecpdLyjvZBwrvm+cedCcQy"}],"_spriteFrame":{"__uuid__":"1bh4+SDN9LdL8Qs4scihwt"}},{"__type__":"cc.Button","node":{"__id__":7},"_normalMaterial":{"__uuid__":"ecpdLyjvZBwrvm+cedCcQy"},"clickEvents":[{"__type__":"cc.ClickEvent","target":{"__id__":1},"_componentId":"bbcf3wy1ndDl7ltnX2iJ2ms","handler":"clcik_Button"}],"_N$transition":3,"transition":3}],"_prefab":{"__type__":"cc.PrefabInfo","root":{"__id__":1},"asset":{"__uuid__":"c8oYNi/DtIqaloalSCRcTt"},"fileId":"b8ojeXuBFKi7VG52Z1vqGi"},"_contentSize":{"__type__":"cc.Size","width":99,"height":68},"_trs":{"__type__":"TypedArray","ctor":"Float64Array","array":[-294,0,0,0,0,0,1,1,1,1]}},{"__type__":"cc.Node","_name":"biaotizi","_parent":{"__id__":6},"_components":[{"__type__":"cc.Sprite","node":{"__id__":8},"_materials":[{"__uuid__":"ecpdLyjvZBwrvm+cedCcQy"}],"_spriteFrame":{"__uuid__":"2dV9YU1kRCaY/W7U7H2jU+"}}],"_prefab":{"__type__":"cc.PrefabInfo","root":{"__id__":1},"asset":{"__uuid__":"c8oYNi/DtIqaloalSCRcTt"},"fileId":"12UVMWPVREMZELShYVqwTt"},"_contentSize":{"__type__":"cc.Size","width":188,"height":47},"_trs":{"__type__":"TypedArray","ctor":"Float64Array","array":[0,0,0,0,0,0,1,1,1,1]}},{"__type__":"cc.Node","_name":"New ScrollView","_parent":{"__id__":3},"_children":[{"__id__":10}],"_components":[{"__type__":"cc.Sprite","node":{"__id__":9},"_materials":[{"__uuid__":"ecpdLyjvZBwrvm+cedCcQy"}],"_type":1,"_sizeMode":0},{"__type__":"cc.ScrollView","node":{"__id__":9},"horizontal":false,"inertia":false,"brake":0.75,"elastic":false,"bounceDuration":0,"_N$content":{"__id__":11},"content":{"__id__":11},"_N$horizontalScrollBar":null,"_N$verticalScrollBar":null},{"__type__":"cc.Widget","node":{"__id__":9},"_alignFlags":45,"_top":208,"_bottom":101,"_originalWidth":240,"_originalHeight":250}],"_prefab":{"__type__":"cc.PrefabInfo","root":{"__id__":1},"asset":{"__uuid__":"c8oYNi/DtIqaloalSCRcTt"},"fileId":"7ezg5X2QdES4v/KYP52vkb"},"_contentSize":{"__type__":"cc.Size","width":720,"height":971},"_trs":{"__type__":"TypedArray","ctor":"Float64Array","array":[0,-53.5,0,0,0,0,1,1,1,1]}},{"__type__":"cc.Node","_name":"view","_objFlags":512,"_parent":{"__id__":9},"_children":[{"__id__":11}],"_components":[{"__type__":"cc.Mask","node":{"__id__":10},"_materials":[{"__uuid__":"ecpdLyjvZBwrvm+cedCcQy"}],"_N$alphaThreshold":0},{"__type__":"cc.Widget","node":{"__id__":10},"_alignFlags":45,"_originalWidth":240,"_originalHeight":250}],"_prefab":{"__type__":"cc.PrefabInfo","root":{"__id__":1},"asset":{"__uuid__":"c8oYNi/DtIqaloalSCRcTt"},"fileId":"20ptIQiAdLVbGtkYXHLnPL"},"_contentSize":{"__type__":"cc.Size","width":720,"height":971},"_trs":{"__type__":"TypedArray","ctor":"Float64Array","array":[0,0,0,0,0,0,1,1,1,1]}},{"__type__":"cc.Node","_name":"level_content","_objFlags":512,"_parent":{"__id__":10},"_children":[{"__id__":12},{"__id__":14},{"__id__":16},{"__id__":18},{"__id__":20},{"__id__":22}],"_components":[{"__type__":"cc.Widget","node":{"__id__":11},"_alignFlags":41,"_left":30,"_right":30,"_bottom":-557.4599999999999,"_originalWidth":151,"_originalHeight":1460},{"__type__":"cc.Layout","node":{"__id__":11},"_layoutSize":{"__type__":"cc.Size","width":660,"height":1460},"_N$layoutType":3,"_N$paddingTop":20,"_N$paddingBottom":20,"_N$spacingX":15,"_N$spacingY":20}],"_prefab":{"__type__":"cc.PrefabInfo","root":{"__id__":1},"asset":{"__uuid__":"c8oYNi/DtIqaloalSCRcTt"},"fileId":"47AlpOQeJFNbml7MWByVSh"},"_contentSize":{"__type__":"cc.Size","width":660,"height":1460},"_anchorPoint":{"__type__":"cc.Vec2","x":0.5,"y":1.14},"_trs":{"__type__":"TypedArray","ctor":"Float64Array","array":[0,689.8999999999999,0,0,0,0,1,1,1,1]}},{"__type__":"cc.Node","_name":"level","_parent":{"__id__":11},"_children":[{"__id__":13}],"_components":[{"__type__":"cc.Sprite","node":{"__id__":12},"_materials":[{"__uuid__":"ecpdLyjvZBwrvm+cedCcQy"}],"_spriteFrame":{"__uuid__":"3d3ZiAtJJM0pbnWWygxcxt"}}],"_prefab":{"__type__":"cc.PrefabInfo","root":{"__id__":1},"asset":{"__uuid__":"c8oYNi/DtIqaloalSCRcTt"},"fileId":"79Ii3YdX9Lhb4cHFOwjjZ6"},"_contentSize":{"__type__":"cc.Size","width":151,"height":146},"_trs":{"__type__":"TypedArray","ctor":"Float64Array","array":[-254.5,-297.39999999999986,0,0,0,0,1,1,1,1]}},{"__type__":"cc.Node","_name":"label","_parent":{"__id__":12},"_components":[{"__type__":"cc.Label","node":{"__id__":13},"_materials":[{"__uuid__":"ecpdLyjvZBwrvm+cedCcQy"}],"_useOriginalSize":false,"_string":"01","_N$string":"01","_fontSize":50,"_N$file":{"__uuid__":"74QzSFQMdHW7LwdAiNuxJo"},"_isSystemFontUsed":false,"_N$horizontalAlign":1,"_N$verticalAlign":1}],"_prefab":{"__type__":"cc.PrefabInfo","root":{"__id__":1},"asset":{"__uuid__":"c8oYNi/DtIqaloalSCRcTt"},"fileId":"3fxVAomMRMgr+LNBtQp7kO"},"_contentSize":{"__type__":"cc.Size","width":76.74,"height":40},"_trs":{"__type__":"TypedArray","ctor":"Float64Array","array":[0,12,0,0,0,0,1,1,1,1]}},{"__type__":"cc.Node","_name":"level","_parent":{"__id__":11},"_children":[{"__id__":15}],"_components":[{"__type__":"cc.Sprite","node":{"__id__":14},"_materials":[{"__uuid__":"ecpdLyjvZBwrvm+cedCcQy"}],"_spriteFrame":{"__uuid__":"3d3ZiAtJJM0pbnWWygxcxt"}}],"_prefab":{"__type__":"cc.PrefabInfo","root":{"__id__":1},"asset":{"__uuid__":"c8oYNi/DtIqaloalSCRcTt"},"fileId":"9duO0YHlxC+7QRpCn6ebgm"},"_contentSize":{"__type__":"cc.Size","width":151,"height":146},"_trs":{"__type__":"TypedArray","ctor":"Float64Array","array":[-88.5,-297.39999999999986,0,0,0,0,1,1,1,1]}},{"__type__":"cc.Node","_name":"label","_parent":{"__id__":14},"_components":[{"__type__":"cc.Label","node":{"__id__":15},"_materials":[{"__uuid__":"ecpdLyjvZBwrvm+cedCcQy"}],"_useOriginalSize":false,"_string":"01","_N$string":"01","_fontSize":50,"_N$file":{"__uuid__":"74QzSFQMdHW7LwdAiNuxJo"},"_isSystemFontUsed":false,"_N$horizontalAlign":1,"_N$verticalAlign":1}],"_prefab":{"__type__":"cc.PrefabInfo","root":{"__id__":1},"asset":{"__uuid__":"c8oYNi/DtIqaloalSCRcTt"},"fileId":"a6hTB7jV1NEYX6c8EUDvap"},"_contentSize":{"__type__":"cc.Size","width":76.74,"height":40},"_trs":{"__type__":"TypedArray","ctor":"Float64Array","array":[0,12,0,0,0,0,1,1,1,1]}},{"__type__":"cc.Node","_name":"level","_parent":{"__id__":11},"_children":[{"__id__":17}],"_components":[{"__type__":"cc.Sprite","node":{"__id__":16},"_materials":[{"__uuid__":"ecpdLyjvZBwrvm+cedCcQy"}],"_spriteFrame":{"__uuid__":"3d3ZiAtJJM0pbnWWygxcxt"}}],"_prefab":{"__type__":"cc.PrefabInfo","root":{"__id__":1},"asset":{"__uuid__":"c8oYNi/DtIqaloalSCRcTt"},"fileId":"07kYOueq5Bk7zo61VREAjs"},"_contentSize":{"__type__":"cc.Size","width":151,"height":146},"_trs":{"__type__":"TypedArray","ctor":"Float64Array","array":[77.5,-297.39999999999986,0,0,0,0,1,1,1,1]}},{"__type__":"cc.Node","_name":"label","_parent":{"__id__":16},"_components":[{"__type__":"cc.Label","node":{"__id__":17},"_materials":[{"__uuid__":"ecpdLyjvZBwrvm+cedCcQy"}],"_useOriginalSize":false,"_string":"01","_N$string":"01","_fontSize":50,"_N$file":{"__uuid__":"74QzSFQMdHW7LwdAiNuxJo"},"_isSystemFontUsed":false,"_N$horizontalAlign":1,"_N$verticalAlign":1}],"_prefab":{"__type__":"cc.PrefabInfo","root":{"__id__":1},"asset":{"__uuid__":"c8oYNi/DtIqaloalSCRcTt"},"fileId":"0c+BwixIlKIpZ8rHVHBh/w"},"_contentSize":{"__type__":"cc.Size","width":76.74,"height":40},"_trs":{"__type__":"TypedArray","ctor":"Float64Array","array":[0,12,0,0,0,0,1,1,1,1]}},{"__type__":"cc.Node","_name":"level","_parent":{"__id__":11},"_children":[{"__id__":19}],"_components":[{"__type__":"cc.Sprite","node":{"__id__":18},"_materials":[{"__uuid__":"ecpdLyjvZBwrvm+cedCcQy"}],"_spriteFrame":{"__uuid__":"3d3ZiAtJJM0pbnWWygxcxt"}}],"_prefab":{"__type__":"cc.PrefabInfo","root":{"__id__":1},"asset":{"__uuid__":"c8oYNi/DtIqaloalSCRcTt"},"fileId":"e1TuEtAGZG4K0Lr7P7+3ct"},"_contentSize":{"__type__":"cc.Size","width":151,"height":146},"_trs":{"__type__":"TypedArray","ctor":"Float64Array","array":[243.5,-297.39999999999986,0,0,0,0,1,1,1,1]}},{"__type__":"cc.Node","_name":"label","_parent":{"__id__":18},"_components":[{"__type__":"cc.Label","node":{"__id__":19},"_materials":[{"__uuid__":"ecpdLyjvZBwrvm+cedCcQy"}],"_useOriginalSize":false,"_string":"01","_N$string":"01","_fontSize":50,"_N$file":{"__uuid__":"74QzSFQMdHW7LwdAiNuxJo"},"_isSystemFontUsed":false,"_N$horizontalAlign":1,"_N$verticalAlign":1}],"_prefab":{"__type__":"cc.PrefabInfo","root":{"__id__":1},"asset":{"__uuid__":"c8oYNi/DtIqaloalSCRcTt"},"fileId":"e7ejtvkBxJuZharASpsYZU"},"_contentSize":{"__type__":"cc.Size","width":76.74,"height":40},"_trs":{"__type__":"TypedArray","ctor":"Float64Array","array":[0,12,0,0,0,0,1,1,1,1]}},{"__type__":"cc.Node","_name":"level","_parent":{"__id__":11},"_children":[{"__id__":21}],"_components":[{"__type__":"cc.Sprite","node":{"__id__":20},"_materials":[{"__uuid__":"ecpdLyjvZBwrvm+cedCcQy"}],"_spriteFrame":{"__uuid__":"3d3ZiAtJJM0pbnWWygxcxt"}}],"_prefab":{"__type__":"cc.PrefabInfo","root":{"__id__":1},"asset":{"__uuid__":"c8oYNi/DtIqaloalSCRcTt"},"fileId":"08gf3cgABGp4LPw9fL8yu6"},"_contentSize":{"__type__":"cc.Size","width":151,"height":146},"_trs":{"__type__":"TypedArray","ctor":"Float64Array","array":[-254.5,-463.39999999999986,0,0,0,0,1,1,1,1]}},{"__type__":"cc.Node","_name":"label","_parent":{"__id__":20},"_components":[{"__type__":"cc.Label","node":{"__id__":21},"_materials":[{"__uuid__":"ecpdLyjvZBwrvm+cedCcQy"}],"_useOriginalSize":false,"_string":"01","_N$string":"01","_fontSize":50,"_N$file":{"__uuid__":"74QzSFQMdHW7LwdAiNuxJo"},"_isSystemFontUsed":false,"_N$horizontalAlign":1,"_N$verticalAlign":1}],"_prefab":{"__type__":"cc.PrefabInfo","root":{"__id__":1},"asset":{"__uuid__":"c8oYNi/DtIqaloalSCRcTt"},"fileId":"a5ZqbG1CVEq54fGU49Hqnb"},"_contentSize":{"__type__":"cc.Size","width":76.74,"height":40},"_trs":{"__type__":"TypedArray","ctor":"Float64Array","array":[0,12,0,0,0,0,1,1,1,1]}},{"__type__":"cc.Node","_name":"level","_parent":{"__id__":11},"_children":[{"__id__":23}],"_components":[{"__type__":"cc.Sprite","node":{"__id__":22},"_materials":[{"__uuid__":"ecpdLyjvZBwrvm+cedCcQy"}],"_spriteFrame":{"__uuid__":"3d3ZiAtJJM0pbnWWygxcxt"}}],"_prefab":{"__type__":"cc.PrefabInfo","root":{"__id__":1},"asset":{"__uuid__":"c8oYNi/DtIqaloalSCRcTt"},"fileId":"dfT6yQhOdOQJKfGZgXEPiv"},"_contentSize":{"__type__":"cc.Size","width":151,"height":146},"_trs":{"__type__":"TypedArray","ctor":"Float64Array","array":[-88.5,-463.39999999999986,0,0,0,0,1,1,1,1]}},{"__type__":"cc.Node","_name":"label","_parent":{"__id__":22},"_components":[{"__type__":"cc.Label","node":{"__id__":23},"_materials":[{"__uuid__":"ecpdLyjvZBwrvm+cedCcQy"}],"_useOriginalSize":false,"_string":"01","_N$string":"01","_fontSize":50,"_N$file":{"__uuid__":"74QzSFQMdHW7LwdAiNuxJo"},"_isSystemFontUsed":false,"_N$horizontalAlign":1,"_N$verticalAlign":1}],"_prefab":{"__type__":"cc.PrefabInfo","root":{"__id__":1},"asset":{"__uuid__":"c8oYNi/DtIqaloalSCRcTt"},"fileId":"7akZ654gxPKKzSnh/6dsWT"},"_contentSize":{"__type__":"cc.Size","width":76.74,"height":40},"_trs":{"__type__":"TypedArray","ctor":"Float64Array","array":[0,12,0,0,0,0,1,1,1,1]}}]]