[{"__type__":"cc.SpriteFrame","content":{"name":"lanse","texture":"72ybvsIMdMrqI0vjzQxUFV","rect":[0,0,139,172],"offset":[0,0],"originalSize":[139,172],"capInsets":[0,0,0,0]}},[{"__type__":"cc.Prefab","_name":"putong","data":{"__id__":1}},{"__type__":"cc.Node","_name":"putong","_children":[{"__id__":2},{"__id__":5},{"__id__":8}],"_components":[{"__id__":9},{"__type__":"0b1e4tp6jNLxbZsMAd0Frpi","node":{"__id__":1},"first_Day":{"__id__":6},"DayBack_1":{"__id__":7},"DayBack_2":{"__id__":9},"jiangLi_Count":{"__id__":4},"yiQianDao_img":{"__id__":8}}],"_prefab":{"__type__":"cc.PrefabInfo","root":{"__id__":1},"asset":{"__uuid__":"8bobDFCVdNF6shLA3DZpXQ"},"fileId":"a8PzPkDh9Jw7opoIq5K9zY"},"_contentSize":{"__type__":"cc.Size","width":139,"height":172},"_trs":{"__type__":"TypedArray","ctor":"Float64Array","array":[0,0,0,0,0,0,1,1,1,1]}},{"__type__":"cc.Node","_name":"jinbi","_parent":{"__id__":1},"_children":[{"__id__":3}],"_components":[{"__type__":"cc.Sprite","node":{"__id__":2},"_materials":[{"__uuid__":"ecpdLyjvZBwrvm+cedCcQy"}],"_spriteFrame":{"__uuid__":"c3IwF+gSpPAIK15vYLy4mh"}}],"_prefab":{"__type__":"cc.PrefabInfo","root":{"__id__":1},"asset":{"__uuid__":"8bobDFCVdNF6shLA3DZpXQ"},"fileId":"3dMQBw/KRJs78oxBYOdy3M"},"_contentSize":{"__type__":"cc.Size","width":64,"height":66},"_trs":{"__type__":"TypedArray","ctor":"Float64Array","array":[0,-10,0,0,0,0,1,1,1,1]}},{"__type__":"cc.Node","_name":"txt","_parent":{"__id__":2},"_components":[{"__id__":4}],"_prefab":{"__type__":"cc.PrefabInfo","root":{"__id__":1},"asset":{"__uuid__":"8bobDFCVdNF6shLA3DZpXQ"},"fileId":"99ec0tIY1EbLtudOobP5rW"},"_contentSize":{"__type__":"cc.Size","width":80,"height":40},"_trs":{"__type__":"TypedArray","ctor":"Float64Array","array":[0,-50,0,0,0,0,1,1,1,1]}},{"__type__":"cc.Label","node":{"__id__":3},"_materials":[{"__uuid__":"ecpdLyjvZBwrvm+cedCcQy"}],"_useOriginalSize":false,"_string":"/123","_N$string":"/123","_fontSize":20,"_N$file":{"__uuid__":"d2vgwxOB5Btq74piWju+z2"},"_isSystemFontUsed":false,"_N$horizontalAlign":1,"_N$verticalAlign":1},{"__type__":"cc.Node","_name":"tianshu","_parent":{"__id__":1},"_children":[{"__id__":6}],"_components":[{"__id__":7}],"_prefab":{"__type__":"cc.PrefabInfo","root":{"__id__":1},"asset":{"__uuid__":"8bobDFCVdNF6shLA3DZpXQ"},"fileId":"31HCRn5gNIerI2xq6QqKqe"},"_contentSize":{"__type__":"cc.Size","width":71,"height":51},"_trs":{"__type__":"TypedArray","ctor":"Float64Array","array":[4.611,59.5,0,0,0,0,1,1,1,1]}},{"__type__":"cc.Node","_name":"tianshu_1","_parent":{"__id__":5},"_components":[{"__type__":"cc.Sprite","node":{"__id__":6},"_materials":[{"__uuid__":"ecpdLyjvZBwrvm+cedCcQy"}],"_spriteFrame":{"__uuid__":"ffzr1fz7FDH4+/3T06i5Mf"}}],"_prefab":{"__type__":"cc.PrefabInfo","root":{"__id__":1},"asset":{"__uuid__":"8bobDFCVdNF6shLA3DZpXQ"},"fileId":"c3ZeNs3ehMHZwC21A7yN1n"},"_contentSize":{"__type__":"cc.Size","width":28,"height":8},"_trs":{"__type__":"TypedArray","ctor":"Float64Array","array":[-5,0,0,0,0,0,1,1,1,1]}},{"__type__":"cc.Sprite","node":{"__id__":5},"_materials":[{"__uuid__":"ecpdLyjvZBwrvm+cedCcQy"}]},{"__type__":"cc.Node","_name":"yiqiandao","_parent":{"__id__":1},"_components":[{"__type__":"cc.Sprite","node":{"__id__":8},"_materials":[{"__uuid__":"ecpdLyjvZBwrvm+cedCcQy"}],"_spriteFrame":{"__uuid__":"9e4eDOHLNPhKxOVNxMNF7x"}}],"_prefab":{"__type__":"cc.PrefabInfo","root":{"__id__":1},"asset":{"__uuid__":"8bobDFCVdNF6shLA3DZpXQ"},"fileId":"b0QmuQlbFDE6GYL7jGPvfy"},"_contentSize":{"__type__":"cc.Size","width":139,"height":172},"_trs":{"__type__":"TypedArray","ctor":"Float64Array","array":[0,0,0,0,0,0,1,1,1,1]}},{"__type__":"cc.Sprite","node":{"__id__":1},"_materials":[{"__uuid__":"ecpdLyjvZBwrvm+cedCcQy"}],"_spriteFrame":{"__uuid__":"48cy02ZfNHM5w2LuHJnwdQ"}}],{"__type__":"cc.SpriteFrame","content":{"name":"yiqiandao","texture":"b1knq6qqNAF7ZbNuxQeXaz","rect":[0,0,139,172],"offset":[0,0],"originalSize":[139,172],"capInsets":[0,0,0,0]}},{"__type__":"cc.SpriteFrame","content":{"name":"jinbi","texture":"ebqxfQMARPfJtLaydZ3u/d","rect":[0,0,64,66],"offset":[0,0],"originalSize":[64,66],"capInsets":[0,0,0,0]}},{"__type__":"cc.SpriteFrame","content":{"name":"tianshu_1","texture":"55IPITvppAiLOHCZyMNnUX","rect":[0,0,28,8],"offset":[0,0],"originalSize":[28,8],"capInsets":[0,0,0,0]}}]