[{"__type__":"cc.SpriteFrame","content":{"name":"btn_ysxy","texture":"f23GQ9g0pH+IbRBCbItttz","rect":[0,0,167,31],"offset":[0,0],"originalSize":[167,31],"capInsets":[0,0,0,0]}},[{"__type__":"cc.Prefab","_name":"btn_ysxy","data":{"__id__":1}},{"__type__":"cc.Node","_name":"btn_ysxy","_components":[{"__type__":"cc.Sprite","node":{"__id__":1},"_materials":[{"__uuid__":"ecpdLyjvZBwrvm+cedCcQy"}],"_spriteFrame":{"__uuid__":"2bL96fybxEyqxrljnJdGql"}},{"__type__":"cc.Button","node":{"__id__":1},"_normalMaterial":{"__uuid__":"ecpdLyjvZBwrvm+cedCcQy"},"clickEvents":[{"__type__":"cc.ClickEvent","target":{"__id__":1},"_componentId":"7f82fzsM3VAtKZKryGZiYC1","handler":"onclickBtn"}],"_N$transition":3,"transition":3},{"__type__":"7f82fzsM3VAtKZKryGZiYC1","node":{"__id__":1}},{"__type__":"cc.Widget","node":{"__id__":1},"_alignFlags":9,"_left":19.893,"_top":200}],"_prefab":{"__type__":"cc.PrefabInfo","root":{"__id__":1},"asset":{"__uuid__":"ebWrCQftZIbKnXkGZX/843"},"fileId":"0bZaw1NbpPAbxoY5VwJXMV"},"_contentSize":{"__type__":"cc.Size","width":132,"height":100},"_trs":{"__type__":"TypedArray","ctor":"Float64Array","array":[85.893,1030,0,0,0,0,1,1,1,1]}}]]