[
    [
        {
            "__type__": "cc.Prefab",
            "_name": "yinsi",
            "data": {
                "__id__": 1
            }
        },
        {
            "__type__": "cc.Node",
            "_name": "yinsi",
            "_children": [
                {
                    "__id__": 2
                }
            ],
            "_components": [
                {
                    "__type__": "c5860p0Fn9JNrVBgneeOvPI",
                    "node": {
                        "__id__": 1
                    },
                    "userkuang": {
                        "__id__": 1
                    },
                    "erciTanchuang": {
                        "__id__": 24
                    },
                    "onButtonJieMian": {
                        "__id__": 4
                    }
                },
                {
                    "__type__": "cc.Widget",
                    "node": {
                        "__id__": 1
                    },
                    "_alignFlags": 45
                }
            ],
            "_prefab": {
                "__type__": "cc.PrefabInfo",
                "root": {
                    "__id__": 1
                },
                "asset": {
                    "__uuid__": "05CgzIZuNM8YkQRclP7qyo"
                },
                "fileId": "belFDlRflCM54Czvo7eWom"
            },
            "_contentSize": {
                "__type__": "cc.Size",
                "width": 720,
                "height": 1280
            },
            "_trs": {
                "__type__": "TypedArray",
                "ctor": "Float64Array",
                "array": [
                    360,
                    640,
                    0,
                    0,
                    0,
                    0,
                    1,
                    1,
                    1,
                    1
                ]
            }
        },
        {
            "__type__": "cc.Node",
            "_name": "item",
            "_parent": {
                "__id__": 1
            },
            "_children": [
                {
                    "__id__": 3
                },
                {
                    "__id__": 4
                },
                {
                    "__id__": 24
                }
            ],
            "_active": false,
            "_prefab": {
                "__type__": "cc.PrefabInfo",
                "root": {
                    "__id__": 1
                },
                "asset": {
                    "__uuid__": "05CgzIZuNM8YkQRclP7qyo"
                },
                "fileId": "10zXkvZk5DRqWI7elp1lUH"
            },
            "_trs": {
                "__type__": "TypedArray",
                "ctor": "Float64Array",
                "array": [
                    0,
                    0,
                    0,
                    0,
                    0,
                    0,
                    1,
                    1,
                    1,
                    1
                ]
            }
        },
        {
            "__type__": "cc.Node",
            "_name": "New Sprite(Splash)",
            "_parent": {
                "__id__": 2
            },
            "_components": [
                {
                    "__type__": "cc.Sprite",
                    "node": {
                        "__id__": 3
                    },
                    "_materials": [
                        {
                            "__uuid__": "ecpdLyjvZBwrvm+cedCcQy"
                        }
                    ],
                    "_spriteFrame": {
                        "__uuid__": "a2MjXRFdtLlYQ5ouAFv/+R"
                    },
                    "_sizeMode": 0
                },
                {
                    "__type__": "cc.BlockInputEvents",
                    "node": {
                        "__id__": 3
                    }
                }
            ],
            "_prefab": {
                "__type__": "cc.PrefabInfo",
                "root": {
                    "__id__": 1
                },
                "asset": {
                    "__uuid__": "05CgzIZuNM8YkQRclP7qyo"
                },
                "fileId": "12U4ne/+lErpur0w+UUtEZ"
            },
            "_opacity": 166,
            "_color": {
                "__type__": "cc.Color",
                "r": 10,
                "g": 9,
                "b": 9
            },
            "_contentSize": {
                "__type__": "cc.Size",
                "width": 720,
                "height": 1680
            },
            "_position": {
                "__type__": "cc.Vec3"
            },
            "_scale": {
                "__type__": "cc.Vec3",
                "x": 1,
                "y": 1,
                "z": 1
            },
            "_trs": {
                "__type__": "TypedArray",
                "ctor": "Float64Array",
                "array": [
                    0,
                    0,
                    0,
                    0,
                    0,
                    0,
                    1,
                    1,
                    1,
                    1
                ]
            }
        },
        {
            "__type__": "cc.Node",
            "_name": "New ScrollView",
            "_parent": {
                "__id__": 2
            },
            "_children": [
                {
                    "__id__": 5
                },
                {
                    "__id__": 11
                },
                {
                    "__id__": 18
                },
                {
                    "__id__": 20
                },
                {
                    "__id__": 22
                }
            ],
            "_components": [
                {
                    "__type__": "cc.Sprite",
                    "node": {
                        "__id__": 4
                    },
                    "_materials": [
                        {
                            "__uuid__": "ecpdLyjvZBwrvm+cedCcQy"
                        }
                    ],
                    "_spriteFrame": {
                        "__uuid__": "91MVFN2uFPm6FfGfJUumug"
                    },
                    "_type": 1,
                    "_sizeMode": 0
                },
                {
                    "__id__": 9
                }
            ],
            "_prefab": {
                "__type__": "cc.PrefabInfo",
                "root": {
                    "__id__": 1
                },
                "asset": {
                    "__uuid__": "05CgzIZuNM8YkQRclP7qyo"
                },
                "fileId": "15Z2mn7OdNqp8DimA4vNnm"
            },
            "_contentSize": {
                "__type__": "cc.Size",
                "width": 600,
                "height": 700
            },
            "_position": {
                "__type__": "cc.Vec3"
            },
            "_scale": {
                "__type__": "cc.Vec3",
                "x": 1,
                "y": 1,
                "z": 1
            },
            "_trs": {
                "__type__": "TypedArray",
                "ctor": "Float64Array",
                "array": [
                    0,
                    0,
                    0,
                    0,
                    0,
                    0,
                    1,
                    1,
                    1,
                    1
                ]
            }
        },
        {
            "__type__": "cc.Node",
            "_name": "scrollBar",
            "_parent": {
                "__id__": 4
            },
            "_children": [
                {
                    "__id__": 6
                }
            ],
            "_components": [
                {
                    "__id__": 8
                },
                {
                    "__type__": "cc.Widget",
                    "node": {
                        "__id__": 5
                    },
                    "alignMode": 0,
                    "_alignFlags": 37,
                    "_left": 350.07654921020657,
                    "_originalHeight": 237
                },
                {
                    "__type__": "cc.Sprite",
                    "node": {
                        "__id__": 5
                    },
                    "_materials": [
                        {
                            "__uuid__": "ecpdLyjvZBwrvm+cedCcQy"
                        }
                    ],
                    "_spriteFrame": {
                        "__uuid__": "5f5dyqtRNNxaFmVzYns6FZ"
                    },
                    "_type": 1,
                    "_sizeMode": 0
                }
            ],
            "_prefab": {
                "__type__": "cc.PrefabInfo",
                "root": {
                    "__id__": 1
                },
                "asset": {
                    "__uuid__": "05CgzIZuNM8YkQRclP7qyo"
                },
                "fileId": "acGiqVriRHvpUqefoArza7"
            },
            "_contentSize": {
                "__type__": "cc.Size",
                "width": 12,
                "height": 700
            },
            "_anchorPoint": {
                "__type__": "cc.Vec2",
                "x": 1,
                "y": 0.5
            },
            "_position": {
                "__type__": "cc.Vec3",
                "x": 300
            },
            "_scale": {
                "__type__": "cc.Vec3",
                "x": 1,
                "y": 1,
                "z": 1
            },
            "_trs": {
                "__type__": "TypedArray",
                "ctor": "Float64Array",
                "array": [
                    300,
                    0,
                    0,
                    0,
                    0,
                    0,
                    1,
                    1,
                    1,
                    1
                ]
            }
        },
        {
            "__type__": "cc.Node",
            "_name": "bar",
            "_parent": {
                "__id__": 5
            },
            "_components": [
                {
                    "__id__": 7
                }
            ],
            "_prefab": {
                "__type__": "cc.PrefabInfo",
                "root": {
                    "__id__": 1
                },
                "asset": {
                    "__uuid__": "05CgzIZuNM8YkQRclP7qyo"
                },
                "fileId": "357KHg/7dKjpuZn+yQ1TAf"
            },
            "_contentSize": {
                "__type__": "cc.Size",
                "width": 10,
                "height": 30
            },
            "_anchorPoint": {
                "__type__": "cc.Vec2",
                "x": 1
            },
            "_position": {
                "__type__": "cc.Vec3",
                "x": -1
            },
            "_scale": {
                "__type__": "cc.Vec3",
                "x": 1,
                "y": 1,
                "z": 1
            },
            "_trs": {
                "__type__": "TypedArray",
                "ctor": "Float64Array",
                "array": [
                    0,
                    0,
                    0,
                    0,
                    0,
                    0,
                    1,
                    1,
                    1,
                    1
                ]
            }
        },
        {
            "__type__": "cc.Sprite",
            "node": {
                "__id__": 6
            },
            "_materials": [
                {
                    "__uuid__": "ecpdLyjvZBwrvm+cedCcQy"
                }
            ],
            "_spriteFrame": {
                "__uuid__": "5cO7kybDxGj4ipyMYdRYZB"
            },
            "_type": 1,
            "_sizeMode": 0
        },
        {
            "__type__": "cc.Scrollbar",
            "node": {
                "__id__": 5
            },
            "_scrollView": {
                "__id__": 9
            },
            "_N$handle": {
                "__id__": 7
            },
            "_N$direction": 1
        },
        {
            "__type__": "cc.ScrollView",
            "node": {
                "__id__": 4
            },
            "horizontal": false,
            "brake": 0.75,
            "bounceDuration": 0.23,
            "_N$content": {
                "__id__": 10
            },
            "content": {
                "__id__": 10
            },
            "_N$horizontalScrollBar": null,
            "_N$verticalScrollBar": {
                "__id__": 8
            }
        },
        {
            "__type__": "cc.Node",
            "_name": "content",
            "_parent": {
                "__id__": 11
            },
            "_children": [
                {
                    "__id__": 12
                },
                {
                    "__id__": 13
                },
                {
                    "__id__": 14
                },
                {
                    "__id__": 15
                },
                {
                    "__id__": 16
                },
                {
                    "__id__": 17
                }
            ],
            "_prefab": {
                "__type__": "cc.PrefabInfo",
                "root": {
                    "__id__": 1
                },
                "asset": {
                    "__uuid__": "05CgzIZuNM8YkQRclP7qyo"
                },
                "fileId": "c9QofINSxMSpA9hTgzItw8"
            },
            "_contentSize": {
                "__type__": "cc.Size",
                "width": 600,
                "height": 1500
            },
            "_anchorPoint": {
                "__type__": "cc.Vec2",
                "x": 0.5,
                "y": 1
            },
            "_position": {
                "__type__": "cc.Vec3",
                "y": 243
            },
            "_scale": {
                "__type__": "cc.Vec3",
                "x": 1,
                "y": 1,
                "z": 1
            },
            "_trs": {
                "__type__": "TypedArray",
                "ctor": "Float64Array",
                "array": [
                    0,
                    295.412,
                    0,
                    0,
                    0,
                    0,
                    1,
                    1,
                    1,
                    1
                ]
            }
        },
        {
            "__type__": "cc.Node",
            "_name": "view",
            "_parent": {
                "__id__": 4
            },
            "_children": [
                {
                    "__id__": 10
                }
            ],
            "_components": [
                {
                    "__type__": "cc.Mask",
                    "node": {
                        "__id__": 11
                    },
                    "_materials": [
                        {
                            "__uuid__": "ecpdLyjvZBwrvm+cedCcQy"
                        }
                    ],
                    "_N$alphaThreshold": 0
                }
            ],
            "_prefab": {
                "__type__": "cc.PrefabInfo",
                "root": {
                    "__id__": 1
                },
                "asset": {
                    "__uuid__": "05CgzIZuNM8YkQRclP7qyo"
                },
                "fileId": "b5Tt+FLRRAlrtry8sA3w38"
            },
            "_contentSize": {
                "__type__": "cc.Size",
                "width": 600,
                "height": 600
            },
            "_position": {
                "__type__": "cc.Vec3"
            },
            "_scale": {
                "__type__": "cc.Vec3",
                "x": 1,
                "y": 1,
                "z": 1
            },
            "_trs": {
                "__type__": "TypedArray",
                "ctor": "Float64Array",
                "array": [
                    0,
                    30.248,
                    0,
                    0,
                    0,
                    0,
                    1,
                    1,
                    1,
                    1
                ]
            }
        },
        {
            "__type__": "cc.Node",
            "_name": "lz",
            "_parent": {
                "__id__": 10
            },
            "_components": [
                {
                    "__type__": "cc.Label",
                    "node": {
                        "__id__": 12
                    },
                    "_materials": [
                        {
                            "__uuid__": "ecpdLyjvZBwrvm+cedCcQy"
                        }
                    ],
                    "_useOriginalSize": false,
                    "_string": " 生效日期：2021年11月1日  \n 主体单位：石家庄龄泽网络科技有限公司\n 联系方式：lzgame001@163.com\n 提示条款",
                    "_N$string": " 生效日期：2021年11月1日  \n 主体单位：石家庄龄泽网络科技有限公司\n 联系方式：lzgame001@163.com\n 提示条款",
                    "_fontSize": 20,
                    "_lineHeight": 20,
                    "_styleFlags": 1,
                    "_N$verticalAlign": 1
                }
            ],
            "_prefab": {
                "__type__": "cc.PrefabInfo",
                "root": {
                    "__id__": 1
                },
                "asset": {
                    "__uuid__": "05CgzIZuNM8YkQRclP7qyo"
                },
                "fileId": "98xyfNygpC/Y1SKQoKxNto"
            },
            "_color": {
                "__type__": "cc.Color",
                "r": 21,
                "g": 13,
                "b": 13
            },
            "_contentSize": {
                "__type__": "cc.Size",
                "width": 365.56,
                "height": 85.2
            },
            "_trs": {
                "__type__": "TypedArray",
                "ctor": "Float64Array",
                "array": [
                    -109.71,
                    -84.053,
                    0,
                    0,
                    0,
                    0,
                    1,
                    1,
                    1,
                    1
                ]
            }
        },
        {
            "__type__": "cc.Node",
            "_name": "hk",
            "_parent": {
                "__id__": 10
            },
            "_active": false,
            "_components": [
                {
                    "__type__": "cc.Label",
                    "node": {
                        "__id__": 13
                    },
                    "_materials": [
                        {
                            "__uuid__": "ecpdLyjvZBwrvm+cedCcQy"
                        }
                    ],
                    "_useOriginalSize": false,
                    "_string": " 生效日期：2021年11月1日  \n 主体单位：石家庄恒开网络科技有限公司\n 联系方式：lzgame001@163.com\n 提示条款",
                    "_N$string": " 生效日期：2021年11月1日  \n 主体单位：石家庄恒开网络科技有限公司\n 联系方式：lzgame001@163.com\n 提示条款",
                    "_fontSize": 20,
                    "_lineHeight": 20,
                    "_styleFlags": 1,
                    "_N$verticalAlign": 1
                }
            ],
            "_prefab": {
                "__type__": "cc.PrefabInfo",
                "root": {
                    "__id__": 1
                },
                "asset": {
                    "__uuid__": "05CgzIZuNM8YkQRclP7qyo"
                },
                "fileId": "bdjwAyuFRBsJ6OXGUu8udx"
            },
            "_color": {
                "__type__": "cc.Color",
                "r": 21,
                "g": 13,
                "b": 13
            },
            "_contentSize": {
                "__type__": "cc.Size",
                "width": 365.56,
                "height": 85.2
            },
            "_trs": {
                "__type__": "TypedArray",
                "ctor": "Float64Array",
                "array": [
                    -109.71,
                    -84.053,
                    0,
                    0,
                    0,
                    0,
                    1,
                    1,
                    1,
                    1
                ]
            }
        },
        {
            "__type__": "cc.Node",
            "_name": "jl",
            "_parent": {
                "__id__": 10
            },
            "_active": false,
            "_components": [
                {
                    "__type__": "cc.Label",
                    "node": {
                        "__id__": 14
                    },
                    "_materials": [
                        {
                            "__uuid__": "ecpdLyjvZBwrvm+cedCcQy"
                        }
                    ],
                    "_useOriginalSize": false,
                    "_string": " 生效日期：2021年11月1日  \n 主体单位：石家庄玖零互娱网络科技有限公司\n 联系方式：lzgame001@163.com\n 提示条款",
                    "_N$string": " 生效日期：2021年11月1日  \n 主体单位：石家庄玖零互娱网络科技有限公司\n 联系方式：lzgame001@163.com\n 提示条款",
                    "_fontSize": 20,
                    "_lineHeight": 20,
                    "_styleFlags": 1,
                    "_N$verticalAlign": 1
                }
            ],
            "_prefab": {
                "__type__": "cc.PrefabInfo",
                "root": {
                    "__id__": 1
                },
                "asset": {
                    "__uuid__": "05CgzIZuNM8YkQRclP7qyo"
                },
                "fileId": "ea8QVuWY5NVbyQeFEs6wMu"
            },
            "_color": {
                "__type__": "cc.Color",
                "r": 21,
                "g": 13,
                "b": 13
            },
            "_contentSize": {
                "__type__": "cc.Size",
                "width": 405.56,
                "height": 85.2
            },
            "_trs": {
                "__type__": "TypedArray",
                "ctor": "Float64Array",
                "array": [
                    -109.71,
                    -84.053,
                    0,
                    0,
                    0,
                    0,
                    1,
                    1,
                    1,
                    1
                ]
            }
        },
        {
            "__type__": "cc.Node",
            "_name": "New Label",
            "_parent": {
                "__id__": 10
            },
            "_components": [
                {
                    "__type__": "cc.Label",
                    "node": {
                        "__id__": 15
                    },
                    "_materials": [
                        {
                            "__uuid__": "ecpdLyjvZBwrvm+cedCcQy"
                        }
                    ],
                    "_useOriginalSize": false,
                    "_string": "用户隐私政策",
                    "_N$string": "用户隐私政策",
                    "_lineHeight": 35,
                    "_styleFlags": 1,
                    "_N$horizontalAlign": 1,
                    "_N$verticalAlign": 1
                }
            ],
            "_prefab": {
                "__type__": "cc.PrefabInfo",
                "root": {
                    "__id__": 1
                },
                "asset": {
                    "__uuid__": "05CgzIZuNM8YkQRclP7qyo"
                },
                "fileId": "47YaZ+sGBE+43DKXvndvX+"
            },
            "_color": {
                "__type__": "cc.Color",
                "r": 10,
                "g": 10,
                "b": 10
            },
            "_contentSize": {
                "__type__": "cc.Size",
                "width": 240,
                "height": 44.1
            },
            "_position": {
                "__type__": "cc.Vec3",
                "x": -8,
                "y": -37
            },
            "_scale": {
                "__type__": "cc.Vec3",
                "x": 1,
                "y": 1,
                "z": 1
            },
            "_trs": {
                "__type__": "TypedArray",
                "ctor": "Float64Array",
                "array": [
                    0,
                    -19.924,
                    0,
                    0,
                    0,
                    0,
                    1,
                    1,
                    1,
                    1
                ]
            }
        },
        {
            "__type__": "cc.Node",
            "_name": "New Label",
            "_parent": {
                "__id__": 10
            },
            "_components": [
                {
                    "__type__": "cc.Label",
                    "node": {
                        "__id__": 16
                    },
                    "_materials": [
                        {
                            "__uuid__": "ecpdLyjvZBwrvm+cedCcQy"
                        }
                    ],
                    "_useOriginalSize": false,
                    "_string": "  本软件尊重并保护所有使用服务用户的个人隐私权。为了给您提供更准确、更有个性化的服务，本软件会按照本隐私权政策的规定使用和披露您的个人信息。但本软件将以高度的勤勉、审慎义务对待这些信息。除本隐私权政策另有规定外，在未征得您事先许可的情况下，本软件不会将这些信息对外披露或向第三方提供。本软件会不时更新本隐私权政策。您在同意本软件服务使用协议之时，即视为您已经同意本隐私权政策全部内容。本隐私权政策属于本软件服务使用协议不可分割的一部分。",
                    "_N$string": "  本软件尊重并保护所有使用服务用户的个人隐私权。为了给您提供更准确、更有个性化的服务，本软件会按照本隐私权政策的规定使用和披露您的个人信息。但本软件将以高度的勤勉、审慎义务对待这些信息。除本隐私权政策另有规定外，在未征得您事先许可的情况下，本软件不会将这些信息对外披露或向第三方提供。本软件会不时更新本隐私权政策。您在同意本软件服务使用协议之时，即视为您已经同意本隐私权政策全部内容。本隐私权政策属于本软件服务使用协议不可分割的一部分。",
                    "_fontSize": 20,
                    "_styleFlags": 1,
                    "_N$horizontalAlign": 1,
                    "_N$verticalAlign": 1,
                    "_N$overflow": 3,
                    "_N$cacheMode": 2
                }
            ],
            "_prefab": {
                "__type__": "cc.PrefabInfo",
                "root": {
                    "__id__": 1
                },
                "asset": {
                    "__uuid__": "05CgzIZuNM8YkQRclP7qyo"
                },
                "fileId": "2a2ck0hb9OBqCi0xbLF/3s"
            },
            "_color": {
                "__type__": "cc.Color",
                "r": 6,
                "g": 6,
                "b": 6
            },
            "_contentSize": {
                "__type__": "cc.Size",
                "width": 580,
                "height": 320
            },
            "_position": {
                "__type__": "cc.Vec3",
                "x": -6,
                "y": -213
            },
            "_scale": {
                "__type__": "cc.Vec3",
                "x": 1,
                "y": 1,
                "z": 1
            },
            "_trs": {
                "__type__": "TypedArray",
                "ctor": "Float64Array",
                "array": [
                    0,
                    -295.898,
                    0,
                    0,
                    0,
                    0,
                    1,
                    1,
                    1,
                    1
                ]
            }
        },
        {
            "__type__": "cc.Node",
            "_name": "New Label",
            "_parent": {
                "__id__": 10
            },
            "_components": [
                {
                    "__type__": "cc.Label",
                    "node": {
                        "__id__": 17
                    },
                    "_materials": [
                        {
                            "__uuid__": "ecpdLyjvZBwrvm+cedCcQy"
                        }
                    ],
                    "_useOriginalSize": false,
                    "_string": "",
                    "_N$string": "",
                    "_fontSize": 20,
                    "_styleFlags": 1,
                    "_N$verticalAlign": 1,
                    "_N$overflow": 3,
                    "_N$cacheMode": 2
                }
            ],
            "_prefab": {
                "__type__": "cc.PrefabInfo",
                "root": {
                    "__id__": 1
                },
                "asset": {
                    "__uuid__": "05CgzIZuNM8YkQRclP7qyo"
                },
                "fileId": "0eJQcMKw5PWJG6jby0Ams8"
            },
            "_color": {
                "__type__": "cc.Color",
                "r": 6,
                "g": 6,
                "b": 6
            },
            "_contentSize": {
                "__type__": "cc.Size",
                "width": 580,
                "height": 960
            },
            "_position": {
                "__type__": "cc.Vec3",
                "x": -6,
                "y": -213
            },
            "_scale": {
                "__type__": "cc.Vec3",
                "x": 1,
                "y": 1,
                "z": 1
            },
            "_trs": {
                "__type__": "TypedArray",
                "ctor": "Float64Array",
                "array": [
                    0,
                    -925.697,
                    0,
                    0,
                    0,
                    0,
                    1,
                    1,
                    1,
                    1
                ]
            }
        },
        {
            "__type__": "cc.Node",
            "_name": "btn_ty",
            "_parent": {
                "__id__": 4
            },
            "_children": [
                {
                    "__id__": 19
                }
            ],
            "_components": [
                {
                    "__type__": "cc.Button",
                    "node": {
                        "__id__": 18
                    },
                    "_normalMaterial": {
                        "__uuid__": "ecpdLyjvZBwrvm+cedCcQy"
                    },
                    "clickEvents": [
                        {
                            "__type__": "cc.ClickEvent",
                            "target": {
                                "__id__": 1
                            },
                            "_componentId": "c5860p0Fn9JNrVBgneeOvPI",
                            "handler": "onBtnClickEvent"
                        }
                    ],
                    "_N$transition": 2,
                    "transition": 2,
                    "_N$normalColor": {
                        "__type__": "cc.Color",
                        "r": 230,
                        "g": 230,
                        "b": 230
                    },
                    "_N$pressedColor": {
                        "__type__": "cc.Color",
                        "r": 200,
                        "g": 200,
                        "b": 200
                    },
                    "pressedColor": {
                        "__type__": "cc.Color",
                        "r": 200,
                        "g": 200,
                        "b": 200
                    },
                    "_N$disabledColor": {
                        "__type__": "cc.Color",
                        "r": 120,
                        "g": 120,
                        "b": 120,
                        "a": 200
                    },
                    "_N$normalSprite": {
                        "__uuid__": "26pPLEHzdLdLYFpJO19PJE"
                    },
                    "_N$target": {
                        "__id__": 19
                    }
                }
            ],
            "_prefab": {
                "__type__": "cc.PrefabInfo",
                "root": {
                    "__id__": 1
                },
                "asset": {
                    "__uuid__": "05CgzIZuNM8YkQRclP7qyo"
                },
                "fileId": "765ZWcYlpBV7aczZQlPKM4"
            },
            "_contentSize": {
                "__type__": "cc.Size",
                "width": 238,
                "height": 72
            },
            "_position": {
                "__type__": "cc.Vec3",
                "x": 176,
                "y": -373
            },
            "_scale": {
                "__type__": "cc.Vec3",
                "x": 1,
                "y": 1,
                "z": 1
            },
            "_trs": {
                "__type__": "TypedArray",
                "ctor": "Float64Array",
                "array": [
                    147.012,
                    -313.743,
                    0,
                    0,
                    0,
                    0,
                    1,
                    1,
                    1,
                    1
                ]
            }
        },
        {
            "__type__": "cc.Node",
            "_name": "Background",
            "_parent": {
                "__id__": 18
            },
            "_components": [
                {
                    "__type__": "cc.Sprite",
                    "node": {
                        "__id__": 19
                    },
                    "_materials": [
                        {
                            "__uuid__": "ecpdLyjvZBwrvm+cedCcQy"
                        }
                    ],
                    "_spriteFrame": {
                        "__uuid__": "26pPLEHzdLdLYFpJO19PJE"
                    },
                    "_type": 1,
                    "_sizeMode": 0
                },
                {
                    "__type__": "cc.Widget",
                    "node": {
                        "__id__": 19
                    },
                    "alignMode": 0,
                    "_alignFlags": 45,
                    "_originalWidth": 100,
                    "_originalHeight": 40
                }
            ],
            "_prefab": {
                "__type__": "cc.PrefabInfo",
                "root": {
                    "__id__": 1
                },
                "asset": {
                    "__uuid__": "05CgzIZuNM8YkQRclP7qyo"
                },
                "fileId": "eaD9ytJQZO4a9xKy+iyFnS"
            },
            "_color": {
                "__type__": "cc.Color",
                "r": 230,
                "g": 230,
                "b": 230
            },
            "_contentSize": {
                "__type__": "cc.Size",
                "width": 238,
                "height": 72
            },
            "_position": {
                "__type__": "cc.Vec3"
            },
            "_scale": {
                "__type__": "cc.Vec3",
                "x": 1,
                "y": 1,
                "z": 1
            },
            "_trs": {
                "__type__": "TypedArray",
                "ctor": "Float64Array",
                "array": [
                    0,
                    0,
                    0,
                    0,
                    0,
                    0,
                    1,
                    1,
                    1,
                    1
                ]
            }
        },
        {
            "__type__": "cc.Node",
            "_name": "btn_bty",
            "_parent": {
                "__id__": 4
            },
            "_children": [
                {
                    "__id__": 21
                }
            ],
            "_components": [
                {
                    "__type__": "cc.Button",
                    "node": {
                        "__id__": 20
                    },
                    "_normalMaterial": {
                        "__uuid__": "ecpdLyjvZBwrvm+cedCcQy"
                    },
                    "clickEvents": [
                        {
                            "__type__": "cc.ClickEvent",
                            "target": {
                                "__id__": 1
                            },
                            "_componentId": "c5860p0Fn9JNrVBgneeOvPI",
                            "handler": "onBtnClickEvent"
                        }
                    ],
                    "_N$transition": 2,
                    "transition": 2,
                    "_N$normalColor": {
                        "__type__": "cc.Color",
                        "r": 230,
                        "g": 230,
                        "b": 230
                    },
                    "_N$pressedColor": {
                        "__type__": "cc.Color",
                        "r": 200,
                        "g": 200,
                        "b": 200
                    },
                    "pressedColor": {
                        "__type__": "cc.Color",
                        "r": 200,
                        "g": 200,
                        "b": 200
                    },
                    "_N$disabledColor": {
                        "__type__": "cc.Color",
                        "r": 120,
                        "g": 120,
                        "b": 120,
                        "a": 200
                    },
                    "_N$normalSprite": {
                        "__uuid__": "26pPLEHzdLdLYFpJO19PJE"
                    },
                    "_N$target": {
                        "__id__": 19
                    }
                }
            ],
            "_prefab": {
                "__type__": "cc.PrefabInfo",
                "root": {
                    "__id__": 1
                },
                "asset": {
                    "__uuid__": "05CgzIZuNM8YkQRclP7qyo"
                },
                "fileId": "a95dD4JSpDi5PSeZJbE5eW"
            },
            "_contentSize": {
                "__type__": "cc.Size",
                "width": 238,
                "height": 72
            },
            "_position": {
                "__type__": "cc.Vec3",
                "x": -142,
                "y": -373
            },
            "_scale": {
                "__type__": "cc.Vec3",
                "x": 1,
                "y": 1,
                "z": 1
            },
            "_trs": {
                "__type__": "TypedArray",
                "ctor": "Float64Array",
                "array": [
                    -135.695,
                    -309.585,
                    0,
                    0,
                    0,
                    0,
                    1,
                    1,
                    1,
                    1
                ]
            }
        },
        {
            "__type__": "cc.Node",
            "_name": "Background",
            "_parent": {
                "__id__": 20
            },
            "_components": [
                {
                    "__type__": "cc.Sprite",
                    "node": {
                        "__id__": 21
                    },
                    "_materials": [
                        {
                            "__uuid__": "ecpdLyjvZBwrvm+cedCcQy"
                        }
                    ],
                    "_spriteFrame": {
                        "__uuid__": "50llA6nNFERaGWmm/t8BcG"
                    },
                    "_type": 1,
                    "_sizeMode": 0
                },
                {
                    "__type__": "cc.Widget",
                    "node": {
                        "__id__": 21
                    },
                    "alignMode": 0,
                    "_alignFlags": 45,
                    "_top": 4.8020000000000005,
                    "_bottom": -4.8020000000000005,
                    "_originalWidth": 100,
                    "_originalHeight": 40
                }
            ],
            "_prefab": {
                "__type__": "cc.PrefabInfo",
                "root": {
                    "__id__": 1
                },
                "asset": {
                    "__uuid__": "05CgzIZuNM8YkQRclP7qyo"
                },
                "fileId": "87Ru1lS/JKk469bhIViZh5"
            },
            "_color": {
                "__type__": "cc.Color",
                "r": 230,
                "g": 230,
                "b": 230
            },
            "_contentSize": {
                "__type__": "cc.Size",
                "width": 238,
                "height": 72
            },
            "_position": {
                "__type__": "cc.Vec3"
            },
            "_scale": {
                "__type__": "cc.Vec3",
                "x": 1,
                "y": 1,
                "z": 1
            },
            "_trs": {
                "__type__": "TypedArray",
                "ctor": "Float64Array",
                "array": [
                    0,
                    -4.802,
                    0,
                    0,
                    0,
                    0,
                    1,
                    1,
                    1,
                    1
                ]
            }
        },
        {
            "__type__": "cc.Node",
            "_name": "btn_Close",
            "_parent": {
                "__id__": 4
            },
            "_children": [
                {
                    "__id__": 23
                }
            ],
            "_active": false,
            "_components": [
                {
                    "__type__": "cc.Button",
                    "node": {
                        "__id__": 22
                    },
                    "_normalMaterial": {
                        "__uuid__": "ecpdLyjvZBwrvm+cedCcQy"
                    },
                    "clickEvents": [
                        {
                            "__type__": "cc.ClickEvent",
                            "target": {
                                "__id__": 1
                            },
                            "_componentId": "c5860p0Fn9JNrVBgneeOvPI",
                            "handler": "onBtnClickEvent"
                        }
                    ],
                    "_N$transition": 2,
                    "transition": 2,
                    "_N$normalColor": {
                        "__type__": "cc.Color",
                        "r": 230,
                        "g": 230,
                        "b": 230
                    },
                    "_N$pressedColor": {
                        "__type__": "cc.Color",
                        "r": 200,
                        "g": 200,
                        "b": 200
                    },
                    "pressedColor": {
                        "__type__": "cc.Color",
                        "r": 200,
                        "g": 200,
                        "b": 200
                    },
                    "_N$disabledColor": {
                        "__type__": "cc.Color",
                        "r": 120,
                        "g": 120,
                        "b": 120,
                        "a": 200
                    },
                    "_N$normalSprite": {
                        "__uuid__": "f6BRTpwqZJZ4z4UuoLke44"
                    },
                    "_N$target": {
                        "__id__": 23
                    }
                }
            ],
            "_prefab": {
                "__type__": "cc.PrefabInfo",
                "root": {
                    "__id__": 1
                },
                "asset": {
                    "__uuid__": "05CgzIZuNM8YkQRclP7qyo"
                },
                "fileId": "27coyQh4BB7KlZ/XAGbdly"
            },
            "_contentSize": {
                "__type__": "cc.Size",
                "width": 238,
                "height": 72
            },
            "_position": {
                "__type__": "cc.Vec3",
                "x": 176,
                "y": -373
            },
            "_scale": {
                "__type__": "cc.Vec3",
                "x": 1,
                "y": 1,
                "z": 1
            },
            "_trs": {
                "__type__": "TypedArray",
                "ctor": "Float64Array",
                "array": [
                    -5.514,
                    -313.743,
                    0,
                    0,
                    0,
                    0,
                    1,
                    1,
                    1,
                    1
                ]
            }
        },
        {
            "__type__": "cc.Node",
            "_name": "Background",
            "_parent": {
                "__id__": 22
            },
            "_components": [
                {
                    "__type__": "cc.Sprite",
                    "node": {
                        "__id__": 23
                    },
                    "_materials": [
                        {
                            "__uuid__": "ecpdLyjvZBwrvm+cedCcQy"
                        }
                    ],
                    "_spriteFrame": {
                        "__uuid__": "f6BRTpwqZJZ4z4UuoLke44"
                    },
                    "_type": 1,
                    "_sizeMode": 0
                },
                {
                    "__type__": "cc.Widget",
                    "node": {
                        "__id__": 23
                    },
                    "alignMode": 0,
                    "_alignFlags": 45,
                    "_originalWidth": 100,
                    "_originalHeight": 40
                }
            ],
            "_prefab": {
                "__type__": "cc.PrefabInfo",
                "root": {
                    "__id__": 1
                },
                "asset": {
                    "__uuid__": "05CgzIZuNM8YkQRclP7qyo"
                },
                "fileId": "48U/LJS8dMHb//JgPW+Q0j"
            },
            "_color": {
                "__type__": "cc.Color",
                "r": 230,
                "g": 230,
                "b": 230
            },
            "_contentSize": {
                "__type__": "cc.Size",
                "width": 238,
                "height": 72
            },
            "_position": {
                "__type__": "cc.Vec3"
            },
            "_scale": {
                "__type__": "cc.Vec3",
                "x": 1,
                "y": 1,
                "z": 1
            },
            "_trs": {
                "__type__": "TypedArray",
                "ctor": "Float64Array",
                "array": [
                    0,
                    0,
                    0,
                    0,
                    0,
                    0,
                    1,
                    1,
                    1,
                    1
                ]
            }
        },
        {
            "__type__": "cc.Node",
            "_name": "erci",
            "_parent": {
                "__id__": 2
            },
            "_children": [
                {
                    "__id__": 25
                },
                {
                    "__id__": 26
                }
            ],
            "_active": false,
            "_prefab": {
                "__type__": "cc.PrefabInfo",
                "root": {
                    "__id__": 1
                },
                "asset": {
                    "__uuid__": "05CgzIZuNM8YkQRclP7qyo"
                },
                "fileId": "efDkIaGsVDSpC+pIbf/WK+"
            },
            "_trs": {
                "__type__": "TypedArray",
                "ctor": "Float64Array",
                "array": [
                    0,
                    0,
                    0,
                    0,
                    0,
                    0,
                    1,
                    1,
                    1,
                    1
                ]
            }
        },
        {
            "__type__": "cc.Node",
            "_name": "New Sprite(Splash)",
            "_parent": {
                "__id__": 24
            },
            "_components": [
                {
                    "__type__": "cc.Sprite",
                    "node": {
                        "__id__": 25
                    },
                    "_materials": [
                        {
                            "__uuid__": "ecpdLyjvZBwrvm+cedCcQy"
                        }
                    ],
                    "_spriteFrame": {
                        "__uuid__": "a2MjXRFdtLlYQ5ouAFv/+R"
                    },
                    "_sizeMode": 0
                },
                {
                    "__type__": "cc.BlockInputEvents",
                    "node": {
                        "__id__": 25
                    }
                }
            ],
            "_prefab": {
                "__type__": "cc.PrefabInfo",
                "root": {
                    "__id__": 1
                },
                "asset": {
                    "__uuid__": "05CgzIZuNM8YkQRclP7qyo"
                },
                "fileId": "35ZoqBewVETK4Lqp8p1fWo"
            },
            "_opacity": 120,
            "_color": {
                "__type__": "cc.Color",
                "r": 8,
                "g": 8,
                "b": 8
            },
            "_contentSize": {
                "__type__": "cc.Size",
                "width": 720,
                "height": 1680
            },
            "_trs": {
                "__type__": "TypedArray",
                "ctor": "Float64Array",
                "array": [
                    0,
                    0,
                    0,
                    0,
                    0,
                    0,
                    1,
                    1,
                    1,
                    1
                ]
            }
        },
        {
            "__type__": "cc.Node",
            "_name": "yingsizhengce",
            "_parent": {
                "__id__": 24
            },
            "_children": [
                {
                    "__id__": 27
                },
                {
                    "__id__": 28
                },
                {
                    "__id__": 29
                }
            ],
            "_components": [
                {
                    "__type__": "cc.Sprite",
                    "node": {
                        "__id__": 26
                    },
                    "_materials": [
                        {
                            "__uuid__": "ecpdLyjvZBwrvm+cedCcQy"
                        }
                    ],
                    "_spriteFrame": {
                        "__uuid__": "b0RMPw00tKk5MDARnZGcFo"
                    }
                }
            ],
            "_prefab": {
                "__type__": "cc.PrefabInfo",
                "root": {
                    "__id__": 1
                },
                "asset": {
                    "__uuid__": "05CgzIZuNM8YkQRclP7qyo"
                },
                "fileId": "a9e7toIc5HoqYFd4+jW2QN"
            },
            "_contentSize": {
                "__type__": "cc.Size",
                "width": 560,
                "height": 453
            },
            "_trs": {
                "__type__": "TypedArray",
                "ctor": "Float64Array",
                "array": [
                    0,
                    0,
                    0,
                    0,
                    0,
                    0,
                    1,
                    1,
                    1,
                    1
                ]
            }
        },
        {
            "__type__": "cc.Node",
            "_name": "btn_queding",
            "_parent": {
                "__id__": 26
            },
            "_components": [
                {
                    "__type__": "cc.Sprite",
                    "node": {
                        "__id__": 27
                    },
                    "_materials": [
                        {
                            "__uuid__": "ecpdLyjvZBwrvm+cedCcQy"
                        }
                    ],
                    "_spriteFrame": {
                        "__uuid__": "f6BRTpwqZJZ4z4UuoLke44"
                    }
                },
                {
                    "__type__": "cc.Button",
                    "node": {
                        "__id__": 27
                    },
                    "clickEvents": [
                        {
                            "__type__": "cc.ClickEvent",
                            "target": {
                                "__id__": 1
                            },
                            "_componentId": "c5860p0Fn9JNrVBgneeOvPI",
                            "handler": "onBtnClickEvent"
                        }
                    ]
                }
            ],
            "_prefab": {
                "__type__": "cc.PrefabInfo",
                "root": {
                    "__id__": 1
                },
                "asset": {
                    "__uuid__": "05CgzIZuNM8YkQRclP7qyo"
                },
                "fileId": "12lwcIm7RBB6TyI5zhrV+Z"
            },
            "_contentSize": {
                "__type__": "cc.Size",
                "width": 238,
                "height": 72
            },
            "_trs": {
                "__type__": "TypedArray",
                "ctor": "Float64Array",
                "array": [
                    0,
                    -182.988,
                    0,
                    0,
                    0,
                    0,
                    1,
                    1,
                    1,
                    1
                ]
            }
        },
        {
            "__type__": "cc.Node",
            "_name": "btn_ty",
            "_parent": {
                "__id__": 26
            },
            "_active": false,
            "_components": [
                {
                    "__type__": "cc.Sprite",
                    "node": {
                        "__id__": 28
                    },
                    "_materials": [
                        {
                            "__uuid__": "ecpdLyjvZBwrvm+cedCcQy"
                        }
                    ],
                    "_spriteFrame": {
                        "__uuid__": "26pPLEHzdLdLYFpJO19PJE"
                    }
                },
                {
                    "__type__": "cc.Button",
                    "node": {
                        "__id__": 28
                    },
                    "clickEvents": [
                        {
                            "__type__": "cc.ClickEvent",
                            "target": {
                                "__id__": 1
                            },
                            "_componentId": "c5860p0Fn9JNrVBgneeOvPI",
                            "handler": "onBtnClickEvent"
                        }
                    ]
                }
            ],
            "_prefab": {
                "__type__": "cc.PrefabInfo",
                "root": {
                    "__id__": 1
                },
                "asset": {
                    "__uuid__": "05CgzIZuNM8YkQRclP7qyo"
                },
                "fileId": "11NR2wcQ1LaZ5cgZSg5f41"
            },
            "_contentSize": {
                "__type__": "cc.Size",
                "width": 238,
                "height": 72
            },
            "_trs": {
                "__type__": "TypedArray",
                "ctor": "Float64Array",
                "array": [
                    142.323,
                    -182.988,
                    0,
                    0,
                    0,
                    0,
                    1,
                    1,
                    1,
                    1
                ]
            }
        },
        {
            "__type__": "cc.Node",
            "_name": "btn_bty2",
            "_parent": {
                "__id__": 26
            },
            "_active": false,
            "_components": [
                {
                    "__type__": "cc.Sprite",
                    "node": {
                        "__id__": 29
                    },
                    "_materials": [
                        {
                            "__uuid__": "ecpdLyjvZBwrvm+cedCcQy"
                        }
                    ],
                    "_spriteFrame": {
                        "__uuid__": "50llA6nNFERaGWmm/t8BcG"
                    }
                },
                {
                    "__type__": "cc.Button",
                    "node": {
                        "__id__": 29
                    },
                    "clickEvents": [
                        {
                            "__type__": "cc.ClickEvent",
                            "target": {
                                "__id__": 1
                            },
                            "_componentId": "c5860p0Fn9JNrVBgneeOvPI",
                            "handler": "onBtnClickEvent"
                        }
                    ]
                }
            ],
            "_prefab": {
                "__type__": "cc.PrefabInfo",
                "root": {
                    "__id__": 1
                },
                "asset": {
                    "__uuid__": "05CgzIZuNM8YkQRclP7qyo"
                },
                "fileId": "307+LqQwhNX6EFa3PtuWDf"
            },
            "_contentSize": {
                "__type__": "cc.Size",
                "width": 238,
                "height": 72
            },
            "_trs": {
                "__type__": "TypedArray",
                "ctor": "Float64Array",
                "array": [
                    -135.547,
                    -182.988,
                    0,
                    0,
                    0,
                    0,
                    1,
                    1,
                    1,
                    1
                ]
            }
        }
    ],
    {
        "__type__": "cc.SpriteFrame",
        "content": {
            "name": "btn_ty",
            "texture": "54Qg7vY/RITIPfVjJXXxgz",
            "rect": [
                0,
                0,
                238,
                72
            ],
            "offset": [
                0,
                0
            ],
            "originalSize": [
                238,
                72
            ],
            "capInsets": [
                0,
                0,
                0,
                0
            ]
        }
    },
    {
        "__type__": "cc.SpriteFrame",
        "content": {
            "name": "btn_bty",
            "texture": "85xil56qdL+pupWcLj2QK7",
            "rect": [
                0,
                0,
                238,
                72
            ],
            "offset": [
                0,
                0
            ],
            "originalSize": [
                238,
                72
            ],
            "capInsets": [
                0,
                0,
                0,
                0
            ]
        }
    },
    {
        "__type__": "cc.SpriteFrame",
        "content": {
            "name": "default_scrollbar_vertical",
            "texture": "d608qFRoFHwbXd0Dap056i",
            "rect": [
                0,
                0,
                15,
                30
            ],
            "offset": [
                0,
                0
            ],
            "originalSize": [
                15,
                30
            ],
            "capInsets": [
                4,
                10,
                4,
                10
            ]
        }
    },
    {
        "__type__": "cc.SpriteFrame",
        "content": {
            "name": "default_scrollbar_vertical_bg",
            "texture": "61cyPdEfRN047sDK9rO0W5",
            "rect": [
                0,
                0,
                15,
                30
            ],
            "offset": [
                0,
                0
            ],
            "originalSize": [
                15,
                30
            ],
            "capInsets": [
                4,
                10,
                4,
                10
            ]
        }
    },
    {
        "__type__": "cc.SpriteFrame",
        "content": {
            "name": "baidi",
            "texture": "67bMN6eT9F1qAbOJQMlfEk",
            "rect": [
                0,
                0,
                560,
                844
            ],
            "offset": [
                0,
                0
            ],
            "originalSize": [
                560,
                844
            ],
            "capInsets": [
                0,
                0,
                0,
                0
            ]
        }
    },
    {
        "__type__": "cc.SpriteFrame",
        "content": {
            "name": "default_sprite_splash",
            "texture": "02delMVqdBD70a/HSD99FK",
            "rect": [
                0,
                0,
                2,
                2
            ],
            "offset": [
                0,
                0
            ],
            "originalSize": [
                2,
                2
            ],
            "capInsets": [
                0,
                0,
                0,
                0
            ]
        }
    },
    {
        "__type__": "cc.SpriteFrame",
        "content": {
            "name": "yingsizhengce",
            "texture": "33X9Ov/0lIrosK7F+s4JkB",
            "rect": [
                0,
                0,
                560,
                453
            ],
            "offset": [
                0,
                0
            ],
            "originalSize": [
                560,
                453
            ],
            "capInsets": [
                0,
                0,
                0,
                0
            ]
        }
    },
    {
        "__type__": "cc.SpriteFrame",
        "content": {
            "name": "btn_qd",
            "texture": "404Njujj5E/qmRH+XDO4Xp",
            "rect": [
                0,
                0,
                238,
                72
            ],
            "offset": [
                0,
                0
            ],
            "originalSize": [
                238,
                72
            ],
            "capInsets": [
                0,
                0,
                0,
                0
            ]
        }
    }
]