[{"__type__":"cc.SpriteFrame","content":{"name":"dikuang","texture":"c5vIeoAStAFbTJUbhIB9VO","rect":[0,0,676,357],"offset":[0,0],"originalSize":[676,357],"capInsets":[0,0,0,0]}},{"__type__":"cc.SpriteFrame","content":{"name":"fanhui","texture":"76y2lLi5RMJZ9GpEx61BfP","rect":[0,0,99,68],"offset":[0,0],"originalSize":[99,68],"capInsets":[0,0,0,0]}},{"__type__":"cc.SpriteFrame","content":{"name":"back","texture":"7dB7rG2TlNVpLbSPzbMmB9","rect":[0,0,720,1680],"offset":[0,0],"originalSize":[720,1680],"capInsets":[0,0,0,0]}},{"__type__":"cc.SpriteFrame","content":{"name":"biaotizi","texture":"25BEICusVBBZRnnDCmgQiz","rect":[0,0,188,47],"offset":[0,0],"originalSize":[188,47],"capInsets":[0,0,0,0]}},{"__type__":"cc.SpriteFrame","content":{"name":"model-1","texture":"efECqArXZIKLKDZn/FjhZ3","rect":[0,0,606,274],"offset":[0,0],"originalSize":[606,274],"capInsets":[0,0,0,0]}},{"__type__":"cc.SpriteFrame","content":{"name":"guanqiashu","texture":"48DteG6jxJr62Z20dcc/Mi","rect":[0,0,122,49],"offset":[0,0],"originalSize":[122,49],"capInsets":[0,0,0,0]}},{"__type__":"cc.SpriteFrame","content":{"name":"biaoti","texture":"4dhww8a2VEcpAuIENRE1tw","rect":[0,0,720,309],"offset":[0,0],"originalSize":[720,309],"capInsets":[0,0,0,0]}},{"__type__":"cc.SpriteFrame","content":{"name":"suo","texture":"aeYqGQVfhIMZSeH41HeD2N","rect":[0,0,606,274],"offset":[0,0],"originalSize":[606,274],"capInsets":[0,0,0,0]}},[{"__type__":"cc.SceneAsset","_name":"model","scene":{"__id__":1},"asyncLoadAssets":null},{"__type__":"cc.Scene","_name":"New Node","_children":[{"__id__":2}],"_active":false,"_anchorPoint":{"__type__":"cc.Vec2"},"_trs":{"__type__":"TypedArray","ctor":"Float64Array","array":[0,0,0,0,0,0,1,1,1,1]},"autoReleaseAssets":false},{"__type__":"cc.Node","_name":"Canvas","_parent":{"__id__":1},"_children":[{"__id__":3},{"__id__":4},{"__id__":5}],"_components":[{"__type__":"cc.Canvas","node":{"__id__":2},"_designResolution":{"__type__":"cc.Size","width":720,"height":1280},"_fitWidth":true},{"__type__":"cc.Widget","node":{"__id__":2},"_alignFlags":45},{"__type__":"95caeqRLE9JzJqKAowMypUu","node":{"__id__":2},"model_content":{"__id__":13}}],"_contentSize":{"__type__":"cc.Size","width":720,"height":1280},"_trs":{"__type__":"TypedArray","ctor":"Float64Array","array":[360,640,0,0,0,0,1,1,1,1]},"_id":"a5esZu+45LA5mBpvttspPD"},{"__type__":"cc.Node","_name":"Main Camera","_parent":{"__id__":2},"_components":[{"__type__":"cc.Camera","node":{"__id__":3},"_clearFlags":7,"_depth":-1}],"_contentSize":{"__type__":"cc.Size","width":960,"height":640},"_trs":{"__type__":"TypedArray","ctor":"Float64Array","array":[0,0,358.5345171667576,0,0,0,1,1,1,1]}},{"__type__":"cc.Node","_name":"back","_parent":{"__id__":2},"_components":[{"__type__":"cc.Sprite","node":{"__id__":4},"_materials":[{"__uuid__":"ecpdLyjvZBwrvm+cedCcQy"}],"_spriteFrame":{"__uuid__":"7eeJH0NAVN+ZQbyv3PYPOQ"}}],"_contentSize":{"__type__":"cc.Size","width":720,"height":1680},"_trs":{"__type__":"TypedArray","ctor":"Float64Array","array":[0,0,0,0,0,0,1,1,1,1]}},{"__type__":"cc.Node","_name":"main","_parent":{"__id__":2},"_children":[{"__id__":6},{"__id__":11}],"_components":[{"__type__":"cc.Layout","node":{"__id__":5},"_layoutSize":{"__type__":"cc.Size","width":720,"height":1280},"_N$layoutType":2},{"__type__":"cc.Widget","node":{"__id__":5},"_alignFlags":45,"_originalWidth":300,"_originalHeight":200}],"_contentSize":{"__type__":"cc.Size","width":720,"height":1280},"_trs":{"__type__":"TypedArray","ctor":"Float64Array","array":[0,0,0,0,0,0,1,1,1,1]}},{"__type__":"cc.Node","_name":"title","_parent":{"__id__":5},"_children":[{"__id__":7},{"__id__":8}],"_components":[{"__type__":"cc.Widget","node":{"__id__":6},"_alignFlags":17}],"_contentSize":{"__type__":"cc.Size","width":720,"height":208},"_trs":{"__type__":"TypedArray","ctor":"Float64Array","array":[0,536,0,0,0,0,1,1,1,1]}},{"__type__":"cc.Node","_name":"biaoti","_parent":{"__id__":6},"_components":[{"__type__":"cc.Sprite","node":{"__id__":7},"_materials":[{"__uuid__":"ecpdLyjvZBwrvm+cedCcQy"}],"_spriteFrame":{"__uuid__":"bcNhlLBU1PXqAEuf/DCsfm"}},{"__type__":"cc.Widget","node":{"__id__":7},"_alignFlags":17,"_top":-100}],"_contentSize":{"__type__":"cc.Size","width":720,"height":309},"_trs":{"__type__":"TypedArray","ctor":"Float64Array","array":[0,49.5,0,0,0,0,1,1,1,1]}},{"__type__":"cc.Node","_name":"New Node","_parent":{"__id__":6},"_children":[{"__id__":9},{"__id__":10}],"_components":[{"__type__":"cc.Widget","node":{"__id__":8},"_alignFlags":17,"_top":110}],"_contentSize":{"__type__":"cc.Size","width":687,"height":68},"_trs":{"__type__":"TypedArray","ctor":"Float64Array","array":[0,-40,0,0,0,0,1,1,1,1]}},{"__type__":"cc.Node","_name":"fanhui","_parent":{"__id__":8},"_components":[{"__type__":"cc.Sprite","node":{"__id__":9},"_materials":[{"__uuid__":"ecpdLyjvZBwrvm+cedCcQy"}],"_spriteFrame":{"__uuid__":"1bh4+SDN9LdL8Qs4scihwt"}},{"__type__":"cc.Button","node":{"__id__":9},"_normalMaterial":{"__uuid__":"ecpdLyjvZBwrvm+cedCcQy"},"clickEvents":[{"__type__":"cc.ClickEvent","target":{"__id__":2},"_componentId":"95caeqRLE9JzJqKAowMypUu","handler":"clcik_Button"}],"_N$transition":3,"transition":3}],"_contentSize":{"__type__":"cc.Size","width":99,"height":68},"_trs":{"__type__":"TypedArray","ctor":"Float64Array","array":[-294,0,0,0,0,0,1,1,1,1]}},{"__type__":"cc.Node","_name":"biaotizi","_parent":{"__id__":8},"_components":[{"__type__":"cc.Sprite","node":{"__id__":10},"_materials":[{"__uuid__":"ecpdLyjvZBwrvm+cedCcQy"}],"_spriteFrame":{"__uuid__":"92Nzmw61pHnKlb5Aoc/75y"}}],"_contentSize":{"__type__":"cc.Size","width":188,"height":47},"_trs":{"__type__":"TypedArray","ctor":"Float64Array","array":[0,0,0,0,0,0,1,1,1,1]}},{"__type__":"cc.Node","_name":"New ScrollView","_parent":{"__id__":5},"_children":[{"__id__":12}],"_components":[{"__type__":"cc.Sprite","node":{"__id__":11},"_materials":[{"__uuid__":"ecpdLyjvZBwrvm+cedCcQy"}],"_type":1,"_sizeMode":0},{"__type__":"cc.ScrollView","node":{"__id__":11},"horizontal":false,"inertia":false,"brake":0.75,"elastic":false,"bounceDuration":0,"_N$content":{"__id__":13},"content":{"__id__":13},"_N$horizontalScrollBar":null,"_N$verticalScrollBar":null},{"__type__":"cc.Widget","node":{"__id__":11},"_alignFlags":45,"_top":208,"_bottom":101,"_originalWidth":240,"_originalHeight":250}],"_contentSize":{"__type__":"cc.Size","width":720,"height":971},"_trs":{"__type__":"TypedArray","ctor":"Float64Array","array":[0,-53.5,0,0,0,0,1,1,1,1]}},{"__type__":"cc.Node","_name":"view","_objFlags":512,"_parent":{"__id__":11},"_children":[{"__id__":13}],"_components":[{"__type__":"cc.Mask","node":{"__id__":12},"_materials":[{"__uuid__":"ecpdLyjvZBwrvm+cedCcQy"}],"_N$alphaThreshold":0},{"__type__":"cc.Widget","node":{"__id__":12},"_alignFlags":45,"_originalWidth":240,"_originalHeight":250}],"_contentSize":{"__type__":"cc.Size","width":720,"height":971},"_trs":{"__type__":"TypedArray","ctor":"Float64Array","array":[0,0,0,0,0,0,1,1,1,1]}},{"__type__":"cc.Node","_name":"model_content","_objFlags":512,"_parent":{"__id__":12},"_children":[{"__id__":14}],"_components":[{"__type__":"cc.Layout","node":{"__id__":13},"_layoutSize":{"__type__":"cc.Size","width":220,"height":427},"_resize":1,"_N$layoutType":2,"_N$paddingTop":20,"_N$paddingBottom":50,"_N$spacingY":20},{"__type__":"cc.Widget","node":{"__id__":13},"_alignFlags":17}],"_contentSize":{"__type__":"cc.Size","width":220,"height":427},"_anchorPoint":{"__type__":"cc.Vec2","x":0.5,"y":1},"_trs":{"__type__":"TypedArray","ctor":"Float64Array","array":[0,485.5,0,0,0,0,1,1,1,1]}},{"__type__":"cc.Node","_name":"model","_parent":{"__id__":13},"_children":[{"__id__":15},{"__id__":19}],"_components":[{"__type__":"cc.Sprite","node":{"__id__":14},"_materials":[{"__uuid__":"ecpdLyjvZBwrvm+cedCcQy"}],"_spriteFrame":{"__uuid__":"1bKF5TTWRHYblAAp2nBDX7"}},{"__type__":"8f23cBOdGdPtKXHkS/VsDDb","node":{"__id__":14},"guanShu":{"__id__":16},"suo":{"__id__":19},"model_img":{"__id__":15}},{"__type__":"cc.Button","node":{"__id__":14},"_normalMaterial":{"__uuid__":"ecpdLyjvZBwrvm+cedCcQy"},"clickEvents":[{"__type__":"cc.ClickEvent","target":{"__id__":14},"_componentId":"8f23cBOdGdPtKXHkS/VsDDb","handler":"click_Model"}],"_N$transition":1,"transition":1}],"_prefab":{"__type__":"cc.PrefabInfo","root":{"__id__":14},"asset":{"__uuid__":"c5uVQjJaZM4rBQ7NHVay49"},"fileId":"91cSZeLKlALqg8XNQWaZet"},"_contentSize":{"__type__":"cc.Size","width":676,"height":357},"_trs":{"__type__":"TypedArray","ctor":"Float64Array","array":[0,-198.5,0,0,0,0,1,1,1,1]}},{"__type__":"cc.Node","_name":"model_Img","_parent":{"__id__":14},"_children":[{"__id__":16}],"_components":[{"__type__":"cc.Sprite","node":{"__id__":15},"_materials":[{"__uuid__":"ecpdLyjvZBwrvm+cedCcQy"}],"_spriteFrame":{"__uuid__":"a6EqanhsRN85RiVaJQ/Dvb"}}],"_prefab":{"__type__":"cc.PrefabInfo","root":{"__id__":14},"asset":{"__uuid__":"c5uVQjJaZM4rBQ7NHVay49"},"fileId":"1d37EVfuxINbbB5M7pfM9U"},"_contentSize":{"__type__":"cc.Size","width":606,"height":274},"_trs":{"__type__":"TypedArray","ctor":"Float64Array","array":[0,25,0,0,0,0,1,1,1,1]}},{"__type__":"cc.Node","_name":"guanqiashu","_parent":{"__id__":15},"_children":[{"__id__":17},{"__id__":18}],"_components":[{"__type__":"cc.Sprite","node":{"__id__":16},"_materials":[{"__uuid__":"ecpdLyjvZBwrvm+cedCcQy"}],"_spriteFrame":{"__uuid__":"abA69Fox5JwbI5iIc87TXI"}},{"__type__":"cc.Widget","node":{"__id__":16},"_alignFlags":36,"_right":5,"_bottom":5}],"_prefab":{"__type__":"cc.PrefabInfo","root":{"__id__":14},"asset":{"__uuid__":"c5uVQjJaZM4rBQ7NHVay49"},"fileId":"c6w5/evdtJ1rLfXlndgoTv"},"_contentSize":{"__type__":"cc.Size","width":122,"height":49},"_trs":{"__type__":"TypedArray","ctor":"Float64Array","array":[237,-107.5,0,0,0,0,1,1,1,1]}},{"__type__":"cc.Node","_name":"now","_parent":{"__id__":16},"_components":[{"__type__":"cc.Label","node":{"__id__":17},"_materials":[{"__uuid__":"ecpdLyjvZBwrvm+cedCcQy"}],"_useOriginalSize":false,"_string":"2","_N$string":"2","_fontSize":30,"_N$file":{"__uuid__":"65uxtgjH1ML4zpae+v8S/O"},"_isSystemFontUsed":false,"_N$horizontalAlign":1,"_N$verticalAlign":1}],"_prefab":{"__type__":"cc.PrefabInfo","root":{"__id__":14},"asset":{"__uuid__":"c5uVQjJaZM4rBQ7NHVay49"},"fileId":"d2tJTab4JPkZpTn1oZtooH"},"_contentSize":{"__type__":"cc.Size","width":24,"height":40},"_trs":{"__type__":"TypedArray","ctor":"Float64Array","array":[-30,0,0,0,0,0,1,1,1,1]}},{"__type__":"cc.Node","_name":"sum","_parent":{"__id__":16},"_components":[{"__type__":"cc.Label","node":{"__id__":18},"_materials":[{"__uuid__":"ecpdLyjvZBwrvm+cedCcQy"}],"_useOriginalSize":false,"_string":"30","_N$string":"30","_fontSize":30,"_N$file":{"__uuid__":"65uxtgjH1ML4zpae+v8S/O"},"_isSystemFontUsed":false,"_N$horizontalAlign":1,"_N$verticalAlign":1}],"_prefab":{"__type__":"cc.PrefabInfo","root":{"__id__":14},"asset":{"__uuid__":"c5uVQjJaZM4rBQ7NHVay49"},"fileId":"bdFexVvE9N37KcT4T9GCEP"},"_contentSize":{"__type__":"cc.Size","width":48,"height":40},"_trs":{"__type__":"TypedArray","ctor":"Float64Array","array":[30,0,0,0,0,0,1,1,1,1]}},{"__type__":"cc.Node","_name":"suo","_parent":{"__id__":14},"_components":[{"__type__":"cc.Sprite","node":{"__id__":19},"_materials":[{"__uuid__":"ecpdLyjvZBwrvm+cedCcQy"}],"_spriteFrame":{"__uuid__":"c0FeAYqUxPJY2Z/JDbAZPX"}}],"_prefab":{"__type__":"cc.PrefabInfo","root":{"__id__":14},"asset":{"__uuid__":"c5uVQjJaZM4rBQ7NHVay49"},"fileId":"2axuL+oTlOp6QeeeCQVtA0"},"_contentSize":{"__type__":"cc.Size","width":606,"height":274},"_trs":{"__type__":"TypedArray","ctor":"Float64Array","array":[0,25,0,0,0,0,1,1,1,1]}}]]