[{"__type__":"cc.SpriteFrame","content":{"name":"xiaoshou","texture":"f4aysV0tFD1Klay8Q3vdHI","rect":[0,0,117,94],"offset":[0,0],"originalSize":[117,94],"capInsets":[0,0,0,0]}},[{"__type__":"cc.SceneAsset","_name":"Playing","scene":{"__id__":1},"asyncLoadAssets":null},{"__type__":"cc.Scene","_name":"New Node","_children":[{"__id__":2}],"_active":false,"_anchorPoint":{"__type__":"cc.Vec2"},"_trs":{"__type__":"TypedArray","ctor":"Float64Array","array":[0,0,0,0,0,0,1,1,1,1]},"autoReleaseAssets":false},{"__type__":"cc.Node","_name":"Canvas","_parent":{"__id__":1},"_children":[{"__id__":3},{"__id__":4},{"__id__":6},{"__id__":11}],"_components":[{"__type__":"cc.Canvas","node":{"__id__":2},"_designResolution":{"__type__":"cc.Size","width":720,"height":1280},"_fitWidth":true},{"__type__":"cc.Widget","node":{"__id__":2},"_alignFlags":45},{"__type__":"d728a5us1NNAKakAewbtFsx","node":{"__id__":2},"cars":{"__id__":7},"guan":{"__id__":16},"hintNode":{"__id__":10},"buttons":{"__id__":20},"background":{"__id__":5}}],"_contentSize":{"__type__":"cc.Size","width":720,"height":1280},"_trs":{"__type__":"TypedArray","ctor":"Float64Array","array":[360,640,0,0,0,0,1,1,1,1]},"_id":"a5esZu+45LA5mBpvttspPD"},{"__type__":"cc.Node","_name":"Main Camera","_parent":{"__id__":2},"_components":[{"__type__":"cc.Camera","node":{"__id__":3},"_clearFlags":7,"_depth":-1}],"_contentSize":{"__type__":"cc.Size","width":960,"height":640},"_trs":{"__type__":"TypedArray","ctor":"Float64Array","array":[0,0,358.5345171667576,0,0,0,1,1,1,1]}},{"__type__":"cc.Node","_name":"background","_parent":{"__id__":2},"_components":[{"__id__":5}],"_contentSize":{"__type__":"cc.Size","width":720,"height":1680},"_trs":{"__type__":"TypedArray","ctor":"Float64Array","array":[0,0,0,0,0,0,1,1,1,1]}},{"__type__":"cc.Sprite","node":{"__id__":4},"_materials":[{"__uuid__":"ecpdLyjvZBwrvm+cedCcQy"}],"_spriteFrame":{"__uuid__":"ddUvb66S5IsZDz/KPXrsSC"}},{"__type__":"cc.Node","_name":"map","_parent":{"__id__":2},"_children":[{"__id__":7},{"__id__":8}],"_components":[{"__type__":"cc.Widget","node":{"__id__":6},"_alignFlags":45},{"__type__":"59256n2HvxOuqgye4nX+gZY","node":{"__id__":6},"carContainer":{"__id__":7}}],"_prefab":{"__type__":"cc.PrefabInfo","root":{"__id__":6},"asset":{"__uuid__":"bfm+ERAKFB9IwINgMzpOYJ"},"fileId":"ca/dZZGjdGF7LfDBxhnej9"},"_contentSize":{"__type__":"cc.Size","width":720,"height":1280},"_trs":{"__type__":"TypedArray","ctor":"Float64Array","array":[0,0,0,0,0,0,1,1,1,1]}},{"__type__":"cc.Node","_name":"Cars","_parent":{"__id__":6},"_prefab":{"__type__":"cc.PrefabInfo","root":{"__id__":6},"asset":{"__uuid__":"bfm+ERAKFB9IwINgMzpOYJ"},"fileId":"b0FXNv0DVL6YdZpbr0AyZ7"},"_contentSize":{"__type__":"cc.Size","width":660,"height":660},"_trs":{"__type__":"TypedArray","ctor":"Float64Array","array":[0,70,0,0,0,0,1,1,1,1]}},{"__type__":"cc.Node","_name":"hhhhhh","_parent":{"__id__":6},"_children":[{"__id__":9},{"__id__":10}],"_prefab":{"__type__":"cc.PrefabInfo","root":{"__id__":6},"asset":{"__uuid__":"bfm+ERAKFB9IwINgMzpOYJ"},"fileId":"5e7V0WDR5JQYcxbeZGwi6+"},"_contentSize":{"__type__":"cc.Size","width":660,"height":660},"_trs":{"__type__":"TypedArray","ctor":"Float64Array","array":[0,70,0,0,0,0,1,1,1,1]}},{"__type__":"cc.Node","_name":"sange","_parent":{"__id__":8},"_components":[{"__type__":"cc.Sprite","node":{"__id__":9},"_materials":[{"__uuid__":"ecpdLyjvZBwrvm+cedCcQy"}],"_spriteFrame":{"__uuid__":"faWpeFcipLTb96WlthiKuP"}}],"_prefab":{"__type__":"cc.PrefabInfo","root":{"__id__":6},"asset":{"__uuid__":"bfm+ERAKFB9IwINgMzpOYJ"},"fileId":"7deNASTfNEkIKMtQbvkpiO"},"_contentSize":{"__type__":"cc.Size","width":113,"height":310},"_trs":{"__type__":"TypedArray","ctor":"Float64Array","array":[708.208,166.275,0,0,0,0,1,1,1,1]}},{"__type__":"cc.Node","_name":"hint","_parent":{"__id__":8},"_components":[{"__type__":"cc.Sprite","node":{"__id__":10},"_materials":[{"__uuid__":"ecpdLyjvZBwrvm+cedCcQy"}],"_spriteFrame":{"__uuid__":"05YNTGkuhC8b+7aeWRrvqI"},"_sizeMode":0}],"_prefab":{"__type__":"cc.PrefabInfo","root":{"__id__":6},"asset":{"__uuid__":"bfm+ERAKFB9IwINgMzpOYJ"},"fileId":"be4hbzTI9HkoS+XlTN6KUW"},"_contentSize":{"__type__":"cc.Size","width":117,"height":94},"_anchorPoint":{"__type__":"cc.Vec2","y":1},"_trs":{"__type__":"TypedArray","ctor":"Float64Array","array":[634.112,-54.783,0,0,0,0,1,1,1,1]}},{"__type__":"cc.Node","_name":"UI","_parent":{"__id__":2},"_children":[{"__id__":12},{"__id__":20}],"_components":[{"__type__":"cc.Widget","node":{"__id__":11},"_alignFlags":45}],"_contentSize":{"__type__":"cc.Size","width":720,"height":1280},"_trs":{"__type__":"TypedArray","ctor":"Float64Array","array":[0,0,0,0,0,0,1,1,1,1]}},{"__type__":"cc.Node","_name":"top","_parent":{"__id__":11},"_children":[{"__id__":13},{"__id__":14},{"__id__":17}],"_components":[{"__type__":"cc.Widget","node":{"__id__":12},"_alignFlags":17,"_top":100}],"_contentSize":{"__type__":"cc.Size","width":693,"height":75},"_anchorPoint":{"__type__":"cc.Vec2","x":0.5,"y":0.66},"_trs":{"__type__":"TypedArray","ctor":"Float64Array","array":[0,514.5,0,0,0,0,1,1,1,1]}},{"__type__":"cc.Node","_name":"fanhui","_parent":{"__id__":12},"_components":[{"__type__":"cc.Sprite","node":{"__id__":13},"_materials":[{"__uuid__":"ecpdLyjvZBwrvm+cedCcQy"}],"_spriteFrame":{"__uuid__":"ccIkclS/lJa5QSoSiNBExb"}},{"__type__":"cc.Button","node":{"__id__":13},"_normalMaterial":{"__uuid__":"ecpdLyjvZBwrvm+cedCcQy"},"clickEvents":[{"__type__":"cc.ClickEvent","target":{"__id__":2},"_componentId":"d728a5us1NNAKakAewbtFsx","handler":"click_btn"}],"_N$transition":3,"transition":3}],"_contentSize":{"__type__":"cc.Size","width":56,"height":51},"_trs":{"__type__":"TypedArray","ctor":"Float64Array","array":[-318.5,-10,0,0,0,0,1,1,1,1]}},{"__type__":"cc.Node","_name":"guanqian","_parent":{"__id__":12},"_children":[{"__id__":15}],"_components":[{"__type__":"cc.Sprite","node":{"__id__":14},"_materials":[{"__uuid__":"ecpdLyjvZBwrvm+cedCcQy"}],"_spriteFrame":{"__uuid__":"ddoEmq3d1OD5039Uumn00v"}}],"_contentSize":{"__type__":"cc.Size","width":175,"height":48},"_trs":{"__type__":"TypedArray","ctor":"Float64Array","array":[0,-15,0,0,0,0,1,1,1,1]}},{"__type__":"cc.Node","_name":"guan","_parent":{"__id__":14},"_components":[{"__id__":16}],"_contentSize":{"__type__":"cc.Size","width":31.25,"height":40},"_trs":{"__type__":"TypedArray","ctor":"Float64Array","array":[0,0,0,0,0,0,1,1,1,1]}},{"__type__":"cc.Label","node":{"__id__":15},"_materials":[{"__uuid__":"ecpdLyjvZBwrvm+cedCcQy"}],"_useOriginalSize":false,"_string":"1","_N$string":"1","_N$file":{"__uuid__":"2dlQEee8JDlaz+ilsOXuwW"},"_isSystemFontUsed":false,"_N$horizontalAlign":1,"_N$verticalAlign":1},{"__type__":"cc.Node","_name":"JingBi","_parent":{"__id__":12},"_children":[{"__id__":18}],"_components":[{"__type__":"cc.Sprite","node":{"__id__":17},"_materials":[{"__uuid__":"ecpdLyjvZBwrvm+cedCcQy"}],"_spriteFrame":{"__uuid__":"98Y+QBzl1LsKJai7Ho+O1T"}},{"__type__":"eff13HEJVtNuZyfU8gRGseH","node":{"__id__":17},"jb_Txt":{"__id__":19}}],"_prefab":{"__type__":"cc.PrefabInfo","root":{"__id__":17},"asset":{"__uuid__":"89De4o+b1LEZBNdZXtz45b"},"fileId":"bfhNXWiqRDt7DzNf6koDVB"},"_contentSize":{"__type__":"cc.Size","width":182,"height":75},"_trs":{"__type__":"TypedArray","ctor":"Float64Array","array":[255.5,-12,0,0,0,0,1,1,1,1]}},{"__type__":"cc.Node","_name":"globTxt","_parent":{"__id__":17},"_components":[{"__id__":19}],"_prefab":{"__type__":"cc.PrefabInfo","root":{"__id__":17},"asset":{"__uuid__":"89De4o+b1LEZBNdZXtz45b"},"fileId":"b05FDOJyNFOqfuWhx9g9U/"},"_contentSize":{"__type__":"cc.Size","width":82.76,"height":40},"_trs":{"__type__":"TypedArray","ctor":"Float64Array","array":[-30,0,0,0,0,0,1,1,1,1]}},{"__type__":"cc.Label","node":{"__id__":18},"_materials":[{"__uuid__":"ecpdLyjvZBwrvm+cedCcQy"}],"_useOriginalSize":false,"_string":"0000","_N$string":"0000","_fontSize":25,"_N$file":{"__uuid__":"32apUmcQBCdL191NHj4zLc"},"_isSystemFontUsed":false,"_N$horizontalAlign":1,"_N$verticalAlign":1},{"__type__":"cc.Node","_name":"down","_parent":{"__id__":11},"_children":[{"__id__":21},{"__id__":23},{"__id__":24}],"_components":[{"__type__":"cc.Widget","node":{"__id__":20},"_alignFlags":20,"_bottom":200}],"_contentSize":{"__type__":"cc.Size","width":672,"height":116},"_trs":{"__type__":"TypedArray","ctor":"Float64Array","array":[0,-382,0,0,0,0,1,1,1,1]}},{"__type__":"cc.Node","_name":"jb_Hint","_parent":{"__id__":20},"_children":[{"__id__":22}],"_components":[{"__type__":"cc.Sprite","node":{"__id__":21},"_materials":[{"__uuid__":"ecpdLyjvZBwrvm+cedCcQy"}],"_spriteFrame":{"__uuid__":"acHo5DOHJPLLKWCkFpVjJD"}},{"__type__":"cc.Button","node":{"__id__":21},"_normalMaterial":{"__uuid__":"ecpdLyjvZBwrvm+cedCcQy"},"clickEvents":[{"__type__":"cc.ClickEvent","target":{"__id__":2},"_componentId":"d728a5us1NNAKakAewbtFsx","handler":"click_btn"}],"_N$transition":3,"transition":3}],"_contentSize":{"__type__":"cc.Size","width":202,"height":116},"_trs":{"__type__":"TypedArray","ctor":"Float64Array","array":[-235,0,0,0,0,0,1,1,1,1]}},{"__type__":"cc.Node","_name":"New Label","_parent":{"__id__":21},"_components":[{"__type__":"cc.Label","node":{"__id__":22},"_materials":[{"__uuid__":"ecpdLyjvZBwrvm+cedCcQy"}],"_useOriginalSize":false,"_string":"200","_N$string":"200","_fontSize":20,"_N$file":{"__uuid__":"2dlQEee8JDlaz+ilsOXuwW"},"_isSystemFontUsed":false,"_N$horizontalAlign":1,"_N$verticalAlign":1}],"_contentSize":{"__type__":"cc.Size","width":46.88,"height":40},"_trs":{"__type__":"TypedArray","ctor":"Float64Array","array":[55,-40,0,0,0,0,1,1,1,1]}},{"__type__":"cc.Node","_name":"chexiao","_parent":{"__id__":20},"_components":[{"__type__":"cc.Sprite","node":{"__id__":23},"_materials":[{"__uuid__":"ecpdLyjvZBwrvm+cedCcQy"}],"_spriteFrame":{"__uuid__":"99acmK+5lAi6drf/buhB1c"}},{"__type__":"cc.Button","node":{"__id__":23},"_normalMaterial":{"__uuid__":"ecpdLyjvZBwrvm+cedCcQy"},"clickEvents":[{"__type__":"cc.ClickEvent","target":{"__id__":2},"_componentId":"d728a5us1NNAKakAewbtFsx","handler":"click_btn"}],"_N$transition":3,"transition":3}],"_contentSize":{"__type__":"cc.Size","width":202,"height":102},"_trs":{"__type__":"TypedArray","ctor":"Float64Array","array":[235,0,0,0,0,0,1,1,1,1]}},{"__type__":"cc.Node","_name":"sp_Hint","_parent":{"__id__":20},"_children":[{"__id__":25}],"_components":[{"__type__":"cc.Sprite","node":{"__id__":24},"_materials":[{"__uuid__":"ecpdLyjvZBwrvm+cedCcQy"}],"_spriteFrame":{"__uuid__":"c2SXVfDIRJobljcdarWGem"}},{"__type__":"cc.Button","node":{"__id__":24},"_normalMaterial":{"__uuid__":"ecpdLyjvZBwrvm+cedCcQy"},"clickEvents":[{"__type__":"cc.ClickEvent","target":{"__id__":2},"_componentId":"d728a5us1NNAKakAewbtFsx","handler":"click_btn"}],"_N$transition":3,"transition":3}],"_contentSize":{"__type__":"cc.Size","width":228,"height":106},"_trs":{"__type__":"TypedArray","ctor":"Float64Array","array":[0,0,0,0,0,0,1,1,1,1]}},{"__type__":"cc.Node","_name":"Hand_Prefab","_parent":{"__id__":24},"_children":[{"__id__":26}],"_components":[{"__type__":"1f43e46ApxBAKtElJE4dMxF","node":{"__id__":25}}],"_prefab":{"__type__":"cc.PrefabInfo","root":{"__id__":25},"asset":{"__uuid__":"d9ZngvEbNG2bxjslWWTjCD"},"fileId":"72mBqRQO5NYKKvG6St9wE/"},"_trs":{"__type__":"TypedArray","ctor":"Float64Array","array":[89.163,-9.037,0,0,0,0,1,1,1,1]}},{"__type__":"cc.Node","_name":"yx_icon_shou_ske","_parent":{"__id__":25},"_components":[{"__type__":"dragonBones.ArmatureDisplay","node":{"__id__":26},"_materials":[{"__uuid__":"ecpdLyjvZBwrvm+cedCcQy"}],"_armatureName":"Armature","_animationName":"shou","_preCacheMode":0,"_armatureKey":"02450d63-c0bf-4700-9054-16b9cf34a014#fceaf37b-1561-4367-840a-554c132ea0f7","_N$dragonAsset":{"__uuid__":"02RQ1jwL9HAJBUFrnPNKAU"},"_N$dragonAtlasAsset":{"__uuid__":"fc6vN7FWFDZ4QKVUwTLqD3"}}],"_prefab":{"__type__":"cc.PrefabInfo","root":{"__id__":25},"asset":{"__uuid__":"d9ZngvEbNG2bxjslWWTjCD"},"fileId":"2dlClpvmZFxZ9d3AKkcnOL"},"_contentSize":{"__type__":"cc.Size","width":134,"height":138},"_trs":{"__type__":"TypedArray","ctor":"Float64Array","array":[0,0,0,0,0,0,1,1,1,1]}}],{"__type__":"cc.SpriteFrame","content":{"name":"jinbikuang-1","texture":"e3XxItsFdOzbm+BYu44hHv","rect":[0,0,182,75],"offset":[0,0],"originalSize":[182,75],"capInsets":[0,0,0,0]}},{"__type__":"cc.SpriteFrame","content":{"name":"tiaoGuo","texture":"b1YbQpvAxBErP1VOcBWkaL","rect":[0,0,202,102],"offset":[0,0],"originalSize":[202,102],"capInsets":[0,0,0,0]}},{"__type__":"cc.SpriteFrame","content":{"name":"jinbitishi","texture":"8fpZjSlidDGrjpCKZsuozd","rect":[0,0,202,116],"offset":[0,0],"originalSize":[202,116],"capInsets":[0,0,0,0]}},[{"__type__":"cc.Prefab","_name":"map","data":{"__id__":1}},{"__type__":"cc.Node","_name":"map","_children":[{"__id__":2}],"_components":[{"__type__":"cc.Widget","node":{"__id__":1},"_alignFlags":45},{"__type__":"59256n2HvxOuqgye4nX+gZY","node":{"__id__":1},"carContainer":{"__id__":2}}],"_prefab":{"__type__":"cc.PrefabInfo","root":{"__id__":1},"asset":{"__uuid__":"bfm+ERAKFB9IwINgMzpOYJ"},"fileId":"ca/dZZGjdGF7LfDBxhnej9"},"_contentSize":{"__type__":"cc.Size","width":720,"height":1280},"_trs":{"__type__":"TypedArray","ctor":"Float64Array","array":[0,0,0,0,0,0,1,1,1,1]}},{"__type__":"cc.Node","_name":"Cars","_parent":{"__id__":1},"_prefab":{"__type__":"cc.PrefabInfo","root":{"__id__":1},"asset":{"__uuid__":"bfm+ERAKFB9IwINgMzpOYJ"},"fileId":"b0FXNv0DVL6YdZpbr0AyZ7"},"_contentSize":{"__type__":"cc.Size","width":660,"height":660},"_trs":{"__type__":"TypedArray","ctor":"Float64Array","array":[0,100,0,0,0,0,1,1,1,1]}}],{"__type__":"cc.SpriteFrame","content":{"name":"tishi","texture":"f1FYsD8ptIC7KOiELyNehJ","rect":[0,0,228,106],"offset":[0,0],"originalSize":[228,106],"capInsets":[0,0,0,0]}},{"__type__":"cc.SpriteFrame","content":{"name":"fanhui","texture":"f5pMsGuJlML5j9u3SGQ4nc","rect":[0,0,56,51],"offset":[0,0],"originalSize":[56,51],"capInsets":[0,0,0,0]}},{"__type__":"cc.SpriteFrame","content":{"name":"back-2","texture":"8bmaayqTlDWLeM3v/FsxrV","rect":[0,0,720,1680],"offset":[0,0],"originalSize":[720,1680],"capInsets":[0,0,0,0]}},{"__type__":"cc.SpriteFrame","content":{"name":"guanqian","texture":"fekhpvta5DX7AsMeY1vHOr","rect":[0,0,175,48],"offset":[0,0],"originalSize":[175,48],"capInsets":[0,0,0,0]}},{"__type__":"cc.SpriteFrame","content":{"name":"sange","texture":"7bpBrZF6JCHKp/0qpaVqjU","rect":[0,0,113,310],"offset":[0,0],"originalSize":[113,310],"capInsets":[0,0,0,0]}}]