[
    {
        "__type__": "cc.SpriteFrame",
        "content": {
            "name": "mingzi",
            "texture": "a6cQRSVFNJHJIO0BCppxuf",
            "rect": [
                0,
                0,
                503,
                310
            ],
            "offset": [
                0,
                0
            ],
            "originalSize": [
                503,
                310
            ],
            "capInsets": [
                0,
                0,
                0,
                0
            ]
        }
    },
    {
        "__type__": "cc.SpriteFrame",
        "content": {
            "name": "jiazaitiao1",
            "texture": "04hojnLBhAk7b1P5yiFALy",
            "rect": [
                0,
                0,
                654,
                45
            ],
            "offset": [
                0,
                0
            ],
            "originalSize": [
                654,
                45
            ],
            "capInsets": [
                0,
                0,
                0,
                0
            ]
        }
    },
    {
        "__type__": "cc.SpriteFrame",
        "content": {
            "name": "bj",
            "texture": "ebrACN1ohItKTjrHo5Vfqc",
            "rect": [
                0,
                0,
                720,
                1680
            ],
            "offset": [
                0,
                0
            ],
            "originalSize": [
                720,
                1680
            ],
            "capInsets": [
                0,
                0,
                0,
                0
            ]
        }
    },
    [
        {
            "__type__": "cc.SceneAsset",
            "_name": "Load",
            "scene": {
                "__id__": 1
            },
            "asyncLoadAssets": null
        },
        {
            "__type__": "cc.Scene",
            "_name": "New Node",
            "_children": [
                {
                    "__id__": 2
                },
                {
                    "__id__": 13
                }
            ],
            "_active": false,
            "_anchorPoint": {
                "__type__": "cc.Vec2"
            },
            "_trs": {
                "__type__": "TypedArray",
                "ctor": "Float64Array",
                "array": [
                    0,
                    0,
                    0,
                    0,
                    0,
                    0,
                    1,
                    1,
                    1,
                    1
                ]
            },
            "autoReleaseAssets": false
        },
        {
            "__type__": "cc.Node",
            "_name": "Canvas",
            "_parent": {
                "__id__": 1
            },
            "_children": [
                {
                    "__id__": 3
                },
                {
                    "__id__": 4
                },
                {
                    "__id__": 5
                },
                {
                    "__id__": 6
                },
                {
                    "__id__": 11
                },
                {
                    "__id__": 12
                }
            ],
            "_components": [
                {
                    "__type__": "cc.Canvas",
                    "node": {
                        "__id__": 2
                    },
                    "_designResolution": {
                        "__type__": "cc.Size",
                        "width": 720,
                        "height": 1280
                    },
                    "_fitWidth": true
                },
                {
                    "__type__": "cc.Widget",
                    "node": {
                        "__id__": 2
                    },
                    "_alignFlags": 45
                },
                {
                    "__type__": "1bb7bKdi/RCwJGb54JGt+YP",
                    "node": {
                        "__id__": 2
                    },
                    "maskJinDuTiao": {
                        "__id__": 7
                    },
                    "text": {
                        "__id__": 10
                    }
                }
            ],
            "_contentSize": {
                "__type__": "cc.Size",
                "width": 720,
                "height": 1280
            },
            "_trs": {
                "__type__": "TypedArray",
                "ctor": "Float64Array",
                "array": [
                    360,
                    640,
                    0,
                    0,
                    0,
                    0,
                    1,
                    1,
                    1,
                    1
                ]
            },
            "_id": "a5esZu+45LA5mBpvttspPD"
        },
        {
            "__type__": "cc.Node",
            "_name": "Main Camera",
            "_parent": {
                "__id__": 2
            },
            "_components": [
                {
                    "__type__": "cc.Camera",
                    "node": {
                        "__id__": 3
                    },
                    "_clearFlags": 7,
                    "_depth": -1
                }
            ],
            "_contentSize": {
                "__type__": "cc.Size",
                "width": 960,
                "height": 640
            },
            "_trs": {
                "__type__": "TypedArray",
                "ctor": "Float64Array",
                "array": [
                    0,
                    0,
                    358.5345171667576,
                    0,
                    0,
                    0,
                    1,
                    1,
                    1,
                    1
                ]
            }
        },
        {
            "__type__": "cc.Node",
            "_name": "bj",
            "_parent": {
                "__id__": 2
            },
            "_components": [
                {
                    "__type__": "cc.Sprite",
                    "node": {
                        "__id__": 4
                    },
                    "_materials": [
                        {
                            "__uuid__": "ecpdLyjvZBwrvm+cedCcQy"
                        }
                    ],
                    "_spriteFrame": {
                        "__uuid__": "2b+T/4g9lNDalgf699CXI5"
                    }
                }
            ],
            "_contentSize": {
                "__type__": "cc.Size",
                "width": 720,
                "height": 1680
            },
            "_trs": {
                "__type__": "TypedArray",
                "ctor": "Float64Array",
                "array": [
                    0,
                    0,
                    0,
                    0,
                    0,
                    0,
                    1,
                    1,
                    1,
                    1
                ]
            }
        },
        {
            "__type__": "cc.Node",
            "_name": "mingzi",
            "_parent": {
                "__id__": 2
            },
            "_components": [
                {
                    "__type__": "cc.Sprite",
                    "node": {
                        "__id__": 5
                    },
                    "_materials": [
                        {
                            "__uuid__": "ecpdLyjvZBwrvm+cedCcQy"
                        }
                    ],
                    "_spriteFrame": {
                        "__uuid__": "06L4D9qLlKP53smvVBQrRu"
                    }
                },
                {
                    "__type__": "cc.Widget",
                    "node": {
                        "__id__": 5
                    },
                    "_alignFlags": 17,
                    "_top": 74
                }
            ],
            "_contentSize": {
                "__type__": "cc.Size",
                "width": 503,
                "height": 310
            },
            "_trs": {
                "__type__": "TypedArray",
                "ctor": "Float64Array",
                "array": [
                    0,
                    411,
                    0,
                    0,
                    0,
                    0,
                    1,
                    1,
                    1,
                    1
                ]
            }
        },
        {
            "__type__": "cc.Node",
            "_name": "jiazaitiao",
            "_parent": {
                "__id__": 2
            },
            "_children": [
                {
                    "__id__": 7
                },
                {
                    "__id__": 9
                }
            ],
            "_components": [
                {
                    "__type__": "cc.Sprite",
                    "node": {
                        "__id__": 6
                    },
                    "_materials": [
                        {
                            "__uuid__": "ecpdLyjvZBwrvm+cedCcQy"
                        }
                    ],
                    "_spriteFrame": {
                        "__uuid__": "9cjjhvfAJD07UgDMHiBjLV"
                    }
                },
                {
                    "__type__": "cc.Widget",
                    "node": {
                        "__id__": 6
                    },
                    "_alignFlags": 20,
                    "_bottom": 200
                }
            ],
            "_contentSize": {
                "__type__": "cc.Size",
                "width": 660,
                "height": 51
            },
            "_trs": {
                "__type__": "TypedArray",
                "ctor": "Float64Array",
                "array": [
                    0,
                    -414.5,
                    0,
                    0,
                    0,
                    0,
                    1,
                    1,
                    1,
                    1
                ]
            }
        },
        {
            "__type__": "cc.Node",
            "_name": "mask",
            "_parent": {
                "__id__": 6
            },
            "_children": [
                {
                    "__id__": 8
                }
            ],
            "_components": [
                {
                    "__type__": "cc.Mask",
                    "node": {
                        "__id__": 7
                    },
                    "_materials": [
                        {
                            "__uuid__": "ecpdLyjvZBwrvm+cedCcQy"
                        }
                    ],
                    "_spriteFrame": {
                        "__uuid__": "087/uR86JAjrvyFVmvd9Or"
                    },
                    "_type": 2
                }
            ],
            "_contentSize": {
                "__type__": "cc.Size",
                "width": 654,
                "height": 45
            },
            "_anchorPoint": {
                "__type__": "cc.Vec2",
                "y": 0.5
            },
            "_trs": {
                "__type__": "TypedArray",
                "ctor": "Float64Array",
                "array": [
                    -330,
                    0,
                    0,
                    0,
                    0,
                    0,
                    1,
                    1,
                    1,
                    1
                ]
            }
        },
        {
            "__type__": "cc.Node",
            "_name": "jiazaitiao1",
            "_parent": {
                "__id__": 7
            },
            "_components": [
                {
                    "__type__": "cc.Sprite",
                    "node": {
                        "__id__": 8
                    },
                    "_materials": [
                        {
                            "__uuid__": "ecpdLyjvZBwrvm+cedCcQy"
                        }
                    ],
                    "_spriteFrame": {
                        "__uuid__": "087/uR86JAjrvyFVmvd9Or"
                    }
                }
            ],
            "_contentSize": {
                "__type__": "cc.Size",
                "width": 654,
                "height": 45
            },
            "_anchorPoint": {
                "__type__": "cc.Vec2",
                "y": 0.5
            },
            "_trs": {
                "__type__": "TypedArray",
                "ctor": "Float64Array",
                "array": [
                    0,
                    0,
                    0,
                    0,
                    0,
                    0,
                    1,
                    1,
                    1,
                    1
                ]
            }
        },
        {
            "__type__": "cc.Node",
            "_name": "New Label",
            "_parent": {
                "__id__": 6
            },
            "_components": [
                {
                    "__id__": 10
                }
            ],
            "_color": {
                "__type__": "cc.Color",
                "r": 255,
                "g": 254,
                "b": 254
            },
            "_contentSize": {
                "__type__": "cc.Size",
                "width": 57.81,
                "height": 50.4
            },
            "_trs": {
                "__type__": "TypedArray",
                "ctor": "Float64Array",
                "array": [
                    0,
                    0,
                    0,
                    0,
                    0,
                    0,
                    1,
                    1,
                    1,
                    1
                ]
            }
        },
        {
            "__type__": "cc.Label",
            "node": {
                "__id__": 9
            },
            "_materials": [
                {
                    "__uuid__": "ecpdLyjvZBwrvm+cedCcQy"
                }
            ],
            "_useOriginalSize": false,
            "_string": "0%",
            "_N$string": "0%",
            "_N$horizontalAlign": 1,
            "_N$verticalAlign": 1
        },
        {
            "__type__": "cc.Node",
            "_name": "HealthAdvice",
            "_parent": {
                "__id__": 2
            },
            "_components": [
                {
                    "__type__": "cc.Label",
                    "node": {
                        "__id__": 11
                    },
                    "_materials": [
                        {
                            "__uuid__": "ecpdLyjvZBwrvm+cedCcQy"
                        }
                    ],
                    "_useOriginalSize": false,
                    "_string": "",
                    "_N$string": "",
                    "_fontSize": 20,
                    "_N$horizontalAlign": 1,
                    "_N$verticalAlign": 1
                },
                {
                    "__type__": "cc.Widget",
                    "node": {
                        "__id__": 11
                    },
                    "_alignFlags": 4,
                    "_bottom": 20
                }
            ],
            "_color": {
                "__type__": "cc.Color"
            },
            "_contentSize": {
                "__type__": "cc.Size",
                "width": 531.11,
                "height": 130.4
            },
            "_trs": {
                "__type__": "TypedArray",
                "ctor": "Float64Array",
                "array": [
                    0,
                    -554.8,
                    0,
                    0,
                    0,
                    0,
                    1,
                    1,
                    1,
                    1
                ]
            }
        },
        {
            "__type__": "cc.Node",
            "_name": "4399",
            "_parent": {
                "__id__": 2
            },
            "_components": [
                {
                    "__type__": "cc.Label",
                    "node": {
                        "__id__": 12
                    },
                    "_materials": [
                        {
                            "__uuid__": "ecpdLyjvZBwrvm+cedCcQy"
                        }
                    ],
                    "_useOriginalSize": false,
                    "_string": "",
                    "_N$string": "",
                    "_N$horizontalAlign": 1,
                    "_N$verticalAlign": 1
                },
                {
                    "__type__": "95b70THLKNMBZyMSbcGkV65",
                    "node": {
                        "__id__": 12
                    }
                }
            ],
            "_contentSize": {
                "__type__": "cc.Size",
                "width": 88.98,
                "height": 50.4
            },
            "_trs": {
                "__type__": "TypedArray",
                "ctor": "Float64Array",
                "array": [
                    0,
                    0,
                    0,
                    0,
                    0,
                    0,
                    1,
                    1,
                    1,
                    1
                ]
            }
        },
        {
            "__type__": "cc.Node",
            "_name": "TimeControl",
            "_parent": {
                "__id__": 1
            },
            "_components": [
                {
                    "__type__": "fa1f7lo41pCvrV3YJJeHA6A",
                    "node": {
                        "__id__": 13
                    }
                }
            ],
            "_trs": {
                "__type__": "TypedArray",
                "ctor": "Float64Array",
                "array": [
                    0,
                    0,
                    0,
                    0,
                    0,
                    0,
                    1,
                    1,
                    1,
                    1
                ]
            },
            "_id": "a8YpQ9RlxO2pfyyBC2DTHA"
        }
    ],
    {
        "__type__": "cc.SpriteFrame",
        "content": {
            "name": "jiazaitiao",
            "texture": "0aI5siDO9LE5sJkqIf+fdW",
            "rect": [
                0,
                0,
                660,
                51
            ],
            "offset": [
                0,
                0
            ],
            "originalSize": [
                660,
                51
            ],
            "capInsets": [
                0,
                0,
                0,
                0
            ]
        }
    }
]