[{"__type__":"cc.SpriteFrame","content":{"name":"wenzi","texture":"28BE/0RBBIfokzTZJMSPSG","rect":[0,0,233,189],"offset":[0,0],"originalSize":[233,189],"capInsets":[0,0,0,0]}},[{"__type__":"cc.Prefab","_name":"pushHint","data":{"__id__":1}},{"__type__":"cc.Node","_name":"pushHint","_children":[{"__id__":2},{"__id__":3}],"_components":[{"__type__":"cc.Widget","node":{"__id__":1},"_alignFlags":45},{"__type__":"b09c0d9ovhLt7839Lf7VW+J","node":{"__id__":1}}],"_prefab":{"__type__":"cc.PrefabInfo","root":{"__id__":1},"asset":{"__uuid__":"0asy3+lX9FO7h75gNZhDdA"},"fileId":"455WDsBdJML7vAePvEG7OY"},"_contentSize":{"__type__":"cc.Size","width":720,"height":1280},"_trs":{"__type__":"TypedArray","ctor":"Float64Array","array":[360,640,0,0,0,0,1,1,1,1]}},{"__type__":"cc.Node","_name":"New Sprite(Splash)","_parent":{"__id__":1},"_components":[{"__type__":"cc.Sprite","node":{"__id__":2},"_materials":[{"__uuid__":"ecpdLyjvZBwrvm+cedCcQy"}],"_spriteFrame":{"__uuid__":"a2MjXRFdtLlYQ5ouAFv/+R"},"_sizeMode":0},{"__type__":"cc.BlockInputEvents","node":{"__id__":2}}],"_prefab":{"__type__":"cc.PrefabInfo","root":{"__id__":1},"asset":{"__uuid__":"0asy3+lX9FO7h75gNZhDdA"},"fileId":"faEospGeRKio+B7kWg130I"},"_opacity":155,"_color":{"__type__":"cc.Color"},"_contentSize":{"__type__":"cc.Size","width":720,"height":1680},"_trs":{"__type__":"TypedArray","ctor":"Float64Array","array":[0,0,0,0,0,0,1,1,1,1]}},{"__type__":"cc.Node","_name":"New Node","_parent":{"__id__":1},"_children":[{"__id__":4},{"__id__":6}],"_prefab":{"__type__":"cc.PrefabInfo","root":{"__id__":1},"asset":{"__uuid__":"0asy3+lX9FO7h75gNZhDdA"},"fileId":"56XarEQl5AwqLoxVmnpH0S"},"_trs":{"__type__":"TypedArray","ctor":"Float64Array","array":[0,0,0,0,0,0,1,1,1,1]}},{"__type__":"cc.Node","_name":"tu","_parent":{"__id__":3},"_children":[{"__id__":5}],"_components":[{"__type__":"cc.Sprite","node":{"__id__":4},"_materials":[{"__uuid__":"ecpdLyjvZBwrvm+cedCcQy"}],"_spriteFrame":{"__uuid__":"c2owu+Zi9IjrPjfCAyzJpd"}}],"_prefab":{"__type__":"cc.PrefabInfo","root":{"__id__":1},"asset":{"__uuid__":"0asy3+lX9FO7h75gNZhDdA"},"fileId":"d4wpaKJ1RKCrBtiM1fTTT/"},"_contentSize":{"__type__":"cc.Size","width":565,"height":522},"_trs":{"__type__":"TypedArray","ctor":"Float64Array","array":[0,0,0,0,0,0,1,1,1,1]}},{"__type__":"cc.Node","_name":"wenzi","_parent":{"__id__":4},"_components":[{"__type__":"cc.Sprite","node":{"__id__":5},"_materials":[{"__uuid__":"ecpdLyjvZBwrvm+cedCcQy"}],"_spriteFrame":{"__uuid__":"04lXFxsitP5aY/l+FfPmhP"}}],"_prefab":{"__type__":"cc.PrefabInfo","root":{"__id__":1},"asset":{"__uuid__":"0asy3+lX9FO7h75gNZhDdA"},"fileId":"f3Vx+c/TdMm4s4YevdahgG"},"_contentSize":{"__type__":"cc.Size","width":233,"height":189},"_trs":{"__type__":"TypedArray","ctor":"Float64Array","array":[-161.19,178.753,0,0,0,0,1,1,1,1]}},{"__type__":"cc.Node","_name":"button","_parent":{"__id__":3},"_children":[{"__id__":7},{"__id__":8}],"_components":[{"__type__":"cc.Layout","node":{"__id__":6},"_layoutSize":{"__type__":"cc.Size","width":480,"height":99},"_resize":1,"_N$layoutType":1,"_N$spacingX":50}],"_prefab":{"__type__":"cc.PrefabInfo","root":{"__id__":1},"asset":{"__uuid__":"0asy3+lX9FO7h75gNZhDdA"},"fileId":"86lmRjZABGn4Z4DnMP1EW4"},"_contentSize":{"__type__":"cc.Size","width":480,"height":99},"_trs":{"__type__":"TypedArray","ctor":"Float64Array","array":[0,-326.812,0,0,0,0,1,1,1,1]}},{"__type__":"cc.Node","_name":"fangqi","_parent":{"__id__":6},"_components":[{"__type__":"cc.Sprite","node":{"__id__":7},"_materials":[{"__uuid__":"ecpdLyjvZBwrvm+cedCcQy"}],"_spriteFrame":{"__uuid__":"faXMNZ9upKzJTZnkNy+7ia"}},{"__type__":"cc.Button","node":{"__id__":7},"_normalMaterial":{"__uuid__":"ecpdLyjvZBwrvm+cedCcQy"},"clickEvents":[{"__type__":"cc.ClickEvent","target":{"__id__":1},"_componentId":"b09c0d9ovhLt7839Lf7VW+J","handler":"button_Click"}],"_N$transition":1,"transition":1}],"_prefab":{"__type__":"cc.PrefabInfo","root":{"__id__":1},"asset":{"__uuid__":"0asy3+lX9FO7h75gNZhDdA"},"fileId":"ffxRsUeXhJgLZZIUsiMsBN"},"_contentSize":{"__type__":"cc.Size","width":215,"height":99},"_trs":{"__type__":"TypedArray","ctor":"Float64Array","array":[-132.5,0,0,0,0,0,1,1,1,1]}},{"__type__":"cc.Node","_name":"chakan","_parent":{"__id__":6},"_children":[{"__id__":9}],"_components":[{"__type__":"cc.Sprite","node":{"__id__":8},"_materials":[{"__uuid__":"ecpdLyjvZBwrvm+cedCcQy"}],"_spriteFrame":{"__uuid__":"8c+dtTagFJvYt/cjQwOLEq"}},{"__type__":"cc.Button","node":{"__id__":8},"_normalMaterial":{"__uuid__":"ecpdLyjvZBwrvm+cedCcQy"},"clickEvents":[{"__type__":"cc.ClickEvent","target":{"__id__":1},"_componentId":"b09c0d9ovhLt7839Lf7VW+J","handler":"button_Click"}],"_N$transition":1,"transition":1}],"_prefab":{"__type__":"cc.PrefabInfo","root":{"__id__":1},"asset":{"__uuid__":"0asy3+lX9FO7h75gNZhDdA"},"fileId":"f3n5IpMD5LRJ+ALw0Asvzq"},"_contentSize":{"__type__":"cc.Size","width":215,"height":99},"_trs":{"__type__":"TypedArray","ctor":"Float64Array","array":[132.5,0,0,0,0,0,1,1,1,1]}},{"__type__":"cc.Node","_name":"Hand_Prefab","_parent":{"__id__":8},"_children":[{"__id__":10}],"_components":[{"__type__":"1f43e46ApxBAKtElJE4dMxF","node":{"__id__":9}}],"_prefab":{"__type__":"cc.PrefabInfo","root":{"__id__":1},"asset":{"__uuid__":"0asy3+lX9FO7h75gNZhDdA"},"fileId":"fekNUb72hIRJRroOf38DMy"},"_trs":{"__type__":"TypedArray","ctor":"Float64Array","array":[74.817,-2.721,0,0,0,0,1,1,1,1]}},{"__type__":"cc.Node","_name":"yx_icon_shou_ske","_parent":{"__id__":9},"_components":[{"__type__":"dragonBones.ArmatureDisplay","node":{"__id__":10},"_materials":[{"__uuid__":"ecpdLyjvZBwrvm+cedCcQy"}],"_armatureName":"Armature","_animationName":"shou","_preCacheMode":0,"_armatureKey":"02450d63-c0bf-4700-9054-16b9cf34a014#fceaf37b-1561-4367-840a-554c132ea0f7","_N$dragonAsset":{"__uuid__":"02RQ1jwL9HAJBUFrnPNKAU"},"_N$dragonAtlasAsset":{"__uuid__":"fc6vN7FWFDZ4QKVUwTLqD3"}}],"_prefab":{"__type__":"cc.PrefabInfo","root":{"__id__":1},"asset":{"__uuid__":"0asy3+lX9FO7h75gNZhDdA"},"fileId":"31CnNX/XNMLbji7oVhOrX9"},"_contentSize":{"__type__":"cc.Size","width":134,"height":138},"_trs":{"__type__":"TypedArray","ctor":"Float64Array","array":[0,0,0,0,0,0,1,1,1,1]}}],{"__type__":"cc.SpriteFrame","content":{"name":"chakan","texture":"ceD9TDBIxBbaUXs72L3Zes","rect":[0,0,215,99],"offset":[0,0],"originalSize":[215,99],"capInsets":[0,0,0,0]}},{"__type__":"cc.SpriteFrame","content":{"name":"default_sprite_splash","texture":"02delMVqdBD70a/HSD99FK","rect":[0,0,2,2],"offset":[0,0],"originalSize":[2,2],"capInsets":[0,0,0,0]}},{"__type__":"cc.SpriteFrame","content":{"name":"tu","texture":"b8hwsLfQNDxYLfUkjvGwHj","rect":[0,0,565,522],"offset":[0,0],"originalSize":[565,522],"capInsets":[0,0,0,0]}},{"__type__":"cc.SpriteFrame","content":{"name":"fangqi","texture":"b6Kop50uhDXKwd/nxYALMu","rect":[0,0,215,99],"offset":[0,0],"originalSize":[215,99],"capInsets":[0,0,0,0]}}]