[{"__type__":"cc.SpriteFrame","content":{"name":"shuzi","texture":"96AA/XUmpNWKQ+XNWtK8vU","rect":[0,0,240,34],"offset":[0,0.5],"originalSize":[240,35],"capInsets":[0,0,0,0]}},{"__type__":"cc.LabelAtlas","_name":"model","spriteFrame":{"__uuid__":"17cE7aGF9APpDsV3APOF/d"},"fontSize":30.8,"_fntConfig":{"commonHeight":35,"fontSize":30,"atlasName":"shuzi","fontDefDictionary":{"48":{"rect":{"x":0,"y":0,"width":24,"height":35},"xOffset":0,"yOffset":0,"xAdvance":24},"49":{"rect":{"x":24,"y":0,"width":24,"height":35},"xOffset":0,"yOffset":0,"xAdvance":24},"50":{"rect":{"x":48,"y":0,"width":24,"height":35},"xOffset":0,"yOffset":0,"xAdvance":24},"51":{"rect":{"x":72,"y":0,"width":24,"height":35},"xOffset":0,"yOffset":0,"xAdvance":24},"52":{"rect":{"x":96,"y":0,"width":24,"height":35},"xOffset":0,"yOffset":0,"xAdvance":24},"53":{"rect":{"x":120,"y":0,"width":24,"height":35},"xOffset":0,"yOffset":0,"xAdvance":24},"54":{"rect":{"x":144,"y":0,"width":24,"height":35},"xOffset":0,"yOffset":0,"xAdvance":24},"55":{"rect":{"x":168,"y":0,"width":24,"height":35},"xOffset":0,"yOffset":0,"xAdvance":24},"56":{"rect":{"x":192,"y":0,"width":24,"height":35},"xOffset":0,"yOffset":0,"xAdvance":24},"57":{"rect":{"x":216,"y":0,"width":24,"height":35},"xOffset":0,"yOffset":0,"xAdvance":24}},"kerningDict":{}}}]